file	theorem	facts
Top1_Ch3_top1_component_of_on_subset_path_component_if_locally_path_connected.p	Top1_Ch3.top1_component_of_on_subset_path_component_if_locally_path_connected	64
Top1_Ch3_top1_path_component_of_on_complement_open_if_locally_path_connected.p	Top1_Ch3.top1_path_component_of_on_complement_open_if_locally_path_connected	64
Top1_Ch5_8_top1_ascoli_step3_pointwise_eq_compact_convergence_on_closure.p	Top1_Ch5_8.top1_ascoli_step3_pointwise_eq_compact_convergence_on_closure	64
Top1_Ch3_top1_locally_compact_on_open_subspace_of_compact_hausdorff.p	Top1_Ch3.top1_locally_compact_on_open_subspace_of_compact_hausdorff	64
Top1_Ch5_8_top1_compact_convergence_topology_on_superset_pointwise.p	Top1_Ch5_8.top1_compact_convergence_topology_on_superset_pointwise	64
Top1_Ch5_8_top1_ascoli_step2_closure_continuous_and_equicontinuous.p	Top1_Ch5_8.top1_ascoli_step2_closure_continuous_and_equicontinuous	64
Top1_Ch2_top1_product_topology_subset_uniform_metric_topology_real.p	Top1_Ch2.top1_product_topology_subset_uniform_metric_topology_real	64
Top1_Ch2_top1_product_topology_subset_D_metric_topology_real_omega.p	Top1_Ch2.top1_product_topology_subset_D_metric_topology_real_omega	64
Top1_Ch3_top1_path_component_of_on_open_if_locally_path_connected.p	Top1_Ch3.top1_path_component_of_on_open_if_locally_path_connected	64
Top1_Ch2_top1_continuous_map_on_to_topology_generated_by_subbasis.p	Top1_Ch2.top1_continuous_map_on_to_topology_generated_by_subbasis	64
Top1_Ch5_8_top1_uniform_topology_on_superset_compact_convergence.p	Top1_Ch5_8.top1_uniform_topology_on_superset_compact_convergence	64
Top1_Ch2_top1_square_ball_open_in_euclidean_metric_topology_real.p	Top1_Ch2.top1_square_ball_open_in_euclidean_metric_topology_real	64
Top1_Ch2_top1_euclidean_ball_open_in_square_metric_topology_real.p	Top1_Ch2.top1_euclidean_ball_open_in_square_metric_topology_real	64
Top1_Ch2_order_topology_on_UNIV_eq_bounded_metric_topology_real.p	Top1_Ch2.order_topology_on_UNIV_eq_bounded_metric_topology_real	64
Top1_Ch3_top1_path_connected_subspace_subset_path_component_of.p	Top1_Ch3.top1_path_connected_subspace_subset_path_component_of	64
Top1_Ch2_top1_uniform_metric_topology_subset_box_topology_real.p	Top1_Ch2.top1_uniform_metric_topology_subset_box_topology_real	64
Top1_Ch2_top1_quotient_map_on_from_quotient_topology_by_map_on.p	Top1_Ch2.top1_quotient_map_on_from_quotient_topology_by_map_on	64
Top1_Ch2_top1_product_topology_ne_uniform_metric_topology_real.p	Top1_Ch2.top1_product_topology_ne_uniform_metric_topology_real	64
Top1_Ch2_top1_euclidean_metric_real_on_le_sqrt_card_mul_square.p	Top1_Ch2.top1_euclidean_metric_real_on_le_sqrt_card_mul_square	64
Top1_Ch9_13_top1_covering_map_on_strict_evenly_covered_openin.p	Top1_Ch9_13.top1_covering_map_on_strict_evenly_covered_openin	64
Top1_Ch5_8_locally_metrizable_paracompact_imp_sigma_lf_basis.p	Top1_Ch5_8.locally_metrizable_paracompact_imp_sigma_lf_basis	64
Top1_Ch3_connected_locally_path_connected_imp_path_connected.p	Top1_Ch3.connected_locally_path_connected_imp_path_connected	64
Top1_Ch9_13_top1_simply_connected_strict_is_topology_strict.p	Top1_Ch9_13.top1_simply_connected_strict_is_topology_strict	64
Top1_Ch4_top1_product_topology_on_unit_interval_eq_subspace.p	Top1_Ch4.top1_product_topology_on_unit_interval_eq_subspace	64
Top1_Ch4_order_topology_on_UNIV_real_eq_abs_metric_topology.p	Top1_Ch4.order_topology_on_UNIV_real_eq_abs_metric_topology	64
Top1_Ch2_top1_uniform_metric_topology_ne_box_topology_real.p	Top1_Ch2.top1_uniform_metric_topology_ne_box_topology_real	64
Top1_Ch2_top1_D_metric_real_omega_ball_in_product_topology.p	Top1_Ch2.top1_D_metric_real_omega_ball_in_product_topology	64
Top1_Ch9_13_top1_continuous_map_on_real2_subspace_general.p	Top1_Ch9_13.top1_continuous_map_on_real2_subspace_general	64
Top1_Ch5_8_top1_intersects_closure_on_open_imp_intersects.p	Top1_Ch5_8.top1_intersects_closure_on_open_imp_intersects	64
Top1_Ch3_compact_in_strict_hausdorff_complement_openin_on.p	Top1_Ch3.compact_in_strict_hausdorff_complement_openin_on	64
Top1_Ch2_topology_generated_by_basis_mono_via_basis_elems.p	Top1_Ch2.topology_generated_by_basis_mono_via_basis_elems	64
Top1_Ch2_order_topology_on_UNIV_open_interval_subset_real.p	Top1_Ch2.order_topology_on_UNIV_open_interval_subset_real	64
Top1_Ch9_13_top1_continuous_map_on_subspace_open_sets_on.p	Top1_Ch9_13.top1_continuous_map_on_subspace_open_sets_on	64
Top1_Ch5_8_top1_Union_closure_on_subset_closure_on_Union.p	Top1_Ch5_8.top1_Union_closure_on_subset_closure_on_Union	64
Top1_Ch4_top1_partition_of_unity_dominated_on_exists_ne0.p	Top1_Ch4.top1_partition_of_unity_dominated_on_exists_ne0	64
Top1_Ch4_top1_homeomorphism_on_imp_completely_regular_on.p	Top1_Ch4.top1_homeomorphism_on_imp_completely_regular_on	64
Top1_Ch2_top1_real_bounded_metric_ball_in_order_topology.p	Top1_Ch2.top1_real_bounded_metric_ball_in_order_topology	64
Top1_Ch2_top1_quotient_topology_by_map_on_is_topology_on.p	Top1_Ch2.top1_quotient_topology_by_map_on_is_topology_on	64
Top1_Ch2_top1_product_topology_eq_box_topology_if_finite.p	Top1_Ch2.top1_product_topology_eq_box_topology_if_finite	64
Top1_Ch5_8_top1_densein_on_iff_intersects_nonempty_open.p	Top1_Ch5_8.top1_densein_on_iff_intersects_nonempty_open	64
Top1_Ch5_8_top1_compact_on_Inter_nested_closed_nonempty.p	Top1_Ch5_8.top1_compact_on_Inter_nested_closed_nonempty	64
Top1_Ch5_8_HOL_continuous_imp_order_topology_continuous.p	Top1_Ch5_8.HOL_continuous_imp_order_topology_continuous	64
Top1_Ch4_top1_continuous_map_on_closed_interval_to_real.p	Top1_Ch4.top1_continuous_map_on_closed_interval_to_real	64
Top1_Ch4_top1_completely_regular_on_product_topology_on.p	Top1_Ch4.top1_completely_regular_on_product_topology_on	64
Top1_Ch3_top1_continuous_map_on_real_subspace_open_sets.p	Top1_Ch3.top1_continuous_map_on_real_subspace_open_sets	64
Top1_Ch2_top1_uniform_metric_real_on_metric_on_PiE_UNIV.p	Top1_Ch2.top1_uniform_metric_real_on_metric_on_PiE_UNIV	64
Top1_Ch9_13_top1_continuous_map_on_to_continuous_on_R2.p	Top1_Ch9_13.top1_continuous_map_on_to_continuous_on_R2	64
Top1_Ch5_8_top1_metric_closure_ball_subset_closed_ball.p	Top1_Ch5_8.top1_metric_closure_ball_subset_closed_ball	64
Top1_Ch5_8_top1_locally_finite_family_on_closure_image.p	Top1_Ch5_8.top1_locally_finite_family_on_closure_image	64
Top1_Ch5_8_top1_ascoli_step1_compact_closure_pointwise.p	Top1_Ch5_8.top1_ascoli_step1_compact_closure_pointwise	64
Top1_Ch4_top1_support_on_subset_imp_zero_on_complement.p	Top1_Ch4.top1_support_on_subset_imp_zero_on_complement	64
Top1_Ch4_top1_continuous_map_on_restrict_domain_simple.p	Top1_Ch4.top1_continuous_map_on_restrict_domain_simple	64
Top1_Ch4_second_countable_countable_subcover_of_closed.p	Top1_Ch4.second_countable_countable_subcover_of_closed	64
Top1_Ch3_top1_connected_on_subspace_open_iff_connected.p	Top1_Ch3.top1_connected_on_subspace_open_iff_connected	64
Top1_Ch2_topology_generated_by_subbasis_is_topology_on.p	Top1_Ch2.topology_generated_by_subbasis_is_topology_on	64
Top1_Ch2_top1_bij_quotient_map_on_imp_homeomorphism_on.p	Top1_Ch2.top1_bij_quotient_map_on_imp_homeomorphism_on	64
Top1_Ch9_13_top1_continuous_map_on_subspace_open_sets.p	Top1_Ch9_13.top1_continuous_map_on_subspace_open_sets	64
Top1_Ch9_13_Corollary_55_4_inclusion_not_nulhomotopic.p	Top1_Ch9_13.Corollary_55_4_inclusion_not_nulhomotopic	64
Top1_Ch5_8_top1_closedin_equalizer_of_continuous_maps.p	Top1_Ch5_8.top1_closedin_equalizer_of_continuous_maps	64
Top1_Ch5_8_lp_compact_first_countable_imp_seq_compact.p	Top1_Ch5_8.lp_compact_first_countable_imp_seq_compact	64
Top1_Ch4_top1_embedding_on_restrict_codomain_subspace.p	Top1_Ch4.top1_embedding_on_restrict_codomain_subspace	64
Top1_Ch4_top1_closed_interval_closedin_order_topology.p	Top1_Ch4.top1_closed_interval_closedin_order_topology	64
Top1_Ch2_top1_quotient_map_closed_iff_preimage_closed.p	Top1_Ch2.top1_quotient_map_closed_iff_preimage_closed	64
Top1_Ch9_13_top1_continuous_map_on_subspace_restrict.p	Top1_Ch9_13.top1_continuous_map_on_subspace_restrict	64
Top1_Ch9_13_Lemma_55_3_nulhomotopic_characterization.p	Top1_Ch9_13.Lemma_55_3_nulhomotopic_characterization	64
Top1_Ch5_8_top1_bounded_abs_metric_topology_eq_order.p	Top1_Ch5_8.top1_bounded_abs_metric_topology_eq_order	64
Top1_Ch5_8_interval_continuous_imp_abs_epsilon_delta.p	Top1_Ch5_8.interval_continuous_imp_abs_epsilon_delta	64
Top1_Ch4_subspace_metric_topology_eq_metric_topology.p	Top1_Ch4.subspace_metric_topology_eq_metric_topology	64
Top1_Ch4_closure_on_product_rect_subset_prod_closure.p	Top1_Ch4.closure_on_product_rect_subset_prod_closure	64
Top1_Ch3_top1_locally_compact_on_of_homeomorphism_on.p	Top1_Ch3.top1_locally_compact_on_of_homeomorphism_on	64
Top1_Ch3_top1_in_same_component_on_iff_component_mem.p	Top1_Ch3.top1_in_same_component_on_iff_component_mem	64
Top1_Ch3_top1_connected_subspace_subset_component_of.p	Top1_Ch3.top1_connected_subspace_subset_component_of	64
Top1_Ch3_top1_compact_on_order_topology_has_greatest.p	Top1_Ch3.top1_compact_on_order_topology_has_greatest	64
Top1_Ch2_basis_order_topology_contains_open_interval.p	Top1_Ch2.basis_order_topology_contains_open_interval	64
Top1_Ch9_13_top1_simply_connected_on_path_connected.p	Top1_Ch9_13.top1_simply_connected_on_path_connected	64
Top1_Ch9_13_top1_continuous_map_on_codomain_enlarge.p	Top1_Ch9_13.top1_continuous_map_on_codomain_enlarge	64
Top1_Ch9_13_top1_continuous_map_on_R_to_R2_subspace.p	Top1_Ch9_13.top1_continuous_map_on_R_to_R2_subspace	64
Top1_Ch9_13_Theorem_54_4_bijective_simply_connected.p	Top1_Ch9_13.Theorem_54_4_bijective_simply_connected	64
Top1_Ch5_8_top1_densein_on_intersects_nonempty_open.p	Top1_Ch5_8.top1_densein_on_intersects_nonempty_open	64
Top1_Ch5_8_metrizable_closedin_complement_openin_on.p	Top1_Ch5_8.metrizable_closedin_complement_openin_on	64
Top1_Ch4_top1_compact_m_manifold_finite_chart_cover.p	Top1_Ch4.top1_compact_m_manifold_finite_chart_cover	64
Top1_Ch3_top1_unit_interval_topology_is_topology_on.p	Top1_Ch3.top1_unit_interval_topology_is_topology_on	64
Top1_Ch2_topology_generated_by_basis_is_topology_on.p	Top1_Ch2.topology_generated_by_basis_is_topology_on	64
Top1_Ch9_13_top1_continuous_map_on_codomain_shrink.p	Top1_Ch9_13.top1_continuous_map_on_codomain_shrink	64
Top1_Ch9_13_nulhomotopic_trivializes_loops_general.p	Top1_Ch9_13.nulhomotopic_trivializes_loops_general	64
Top1_Ch5_8_topology_generated_by_basis_inter_image.p	Top1_Ch5_8.topology_generated_by_basis_inter_image	64
Top1_Ch5_8_top1_densein_on_intersects_neighborhood.p	Top1_Ch5_8.top1_densein_on_intersects_neighborhood	64
Top1_Ch5_8_top1_continuous_map_on_codomain_enlarge.p	Top1_Ch5_8.top1_continuous_map_on_codomain_enlarge	64
Top1_Ch5_8_top1_bounded_abs_eq_real_bounded_metric.p	Top1_Ch5_8.top1_bounded_abs_eq_real_bounded_metric	64
Top1_Ch4_top1_continuous_mul_supported_extend_zero.p	Top1_Ch4.top1_continuous_mul_supported_extend_zero	64
Top1_Ch3_top1_compact_on_subspace_UNIV_iff_compact.p	Top1_Ch3.top1_compact_on_subspace_UNIV_iff_compact	64
Top1_Ch2_top1_product_basis_eq_box_basis_if_finite.p	Top1_Ch2.top1_product_basis_eq_box_basis_if_finite	64
Top1_Ch2_top1_homeomorphism_on_imp_quotient_map_on.p	Top1_Ch2.top1_homeomorphism_on_imp_quotient_map_on	64
Top1_Ch2_top1_continuous_map_on_product_projection.p	Top1_Ch2.top1_continuous_map_on_product_projection	64
Top1_Ch2_top1_continuous_map_on_generated_by_basis.p	Top1_Ch2.top1_continuous_map_on_generated_by_basis	64
Top1_Ch9_13_top1_continuous_map_on_real2_subspace.p	Top1_Ch9_13.top1_continuous_map_on_real2_subspace	64
Top1_Ch9_13_fundamental_group_class_members_equiv.p	Top1_Ch9_13.fundamental_group_class_members_equiv	64
Top1_Ch5_8_uniform_metric_conv_imp_pointwise_unif.p	Top1_Ch5_8.uniform_metric_conv_imp_pointwise_unif	64
Top1_Ch5_8_generated_topology_contains_basis_elem.p	Top1_Ch5_8.generated_topology_contains_basis_elem	64
Top1_Ch3_top1_path_component_of_on_path_connected.p	Top1_Ch3.top1_path_component_of_on_path_connected	64
Top1_Ch3_top1_compact_on_order_topology_has_least.p	Top1_Ch3.top1_compact_on_order_topology_has_least	64
Top1_Ch2_top1_quotient_map_open_iff_preimage_open.p	Top1_Ch2.top1_quotient_map_open_iff_preimage_open	64
Top1_Ch2_open_interval_in_bounded_metric_topology.p	Top1_Ch2.open_interval_in_bounded_metric_topology	64
Top1_Ch2_basis_order_topology_refine_intersection.p	Top1_Ch2.basis_order_topology_refine_intersection	64
Top1_Ch9_13_top1_simply_connected_from_one_point.p	Top1_Ch9_13.top1_simply_connected_from_one_point	64
Top1_Ch9_13_top1_S1_fundamental_group_nontrivial.p	Top1_Ch9_13.top1_S1_fundamental_group_nontrivial	64
Top1_Ch9_13_top1_R_to_S1_translated_lift_is_lift.p	Top1_Ch9_13.top1_R_to_S1_translated_lift_is_lift	64
Top1_Ch9_13_R2_subspace_I_continuous_on_transfer.p	Top1_Ch9_13.R2_subspace_I_continuous_on_transfer	64
Top1_Ch5_8_uniform_bounded_imp_pointwise_bounded.p	Top1_Ch5_8.uniform_bounded_imp_pointwise_bounded	64
Top1_Ch5_8_top1_dim_le_on_imp_finite_dimensional.p	Top1_Ch5_8.top1_dim_le_on_imp_finite_dimensional	64
Top1_Ch5_8_top1_Inter_U49_nowhere_differentiable.p	Top1_Ch5_8.top1_Inter_U49_nowhere_differentiable	64
Top1_Ch5_8_sup_uniform_topology_eq_on_continuous.p	Top1_Ch5_8.sup_uniform_topology_eq_on_continuous	64
Top1_Ch4_top1_m_manifold_on_local_chart_inj_cont.p	Top1_Ch4.top1_m_manifold_on_local_chart_inj_cont	64
Top1_Ch4_top1_closed_interval_completely_regular.p	Top1_Ch4.top1_closed_interval_completely_regular	64
Top1_Ch3_top1_path_component_of_on_in_components.p	Top1_Ch3.top1_path_component_of_on_in_components	64
Top1_Ch3_top1_is_path_on_point_in_path_component.p	Top1_Ch3.top1_is_path_on_point_in_path_component	64
Top1_Ch3_compact_in_strict_hausdorff_closedin_on.p	Top1_Ch3.compact_in_strict_hausdorff_closedin_on	64
Top1_Ch3_compact_hausdorff_continuous_closed_map.p	Top1_Ch3.compact_hausdorff_continuous_closed_map	64
Top1_Ch2_topology_generated_by_subbasis_contains.p	Top1_Ch2.topology_generated_by_subbasis_contains	64
Top1_Ch2_top1_square_metric_real_on_le_euclidean.p	Top1_Ch2.top1_square_metric_real_on_le_euclidean	64
Top1_Ch2_top1_product_topology_on_is_topology_on.p	Top1_Ch2.top1_product_topology_on_is_topology_on	64
Top1_Ch9_13_top1_covering_map_on_evenly_covered.p	Top1_Ch9_13.top1_covering_map_on_evenly_covered	64
Top1_Ch9_13_continuous_preserves_path_homotopic.p	Top1_Ch9_13.continuous_preserves_path_homotopic	64
Top1_Ch9_13_Theorem_54_4_lifting_correspondence.p	Top1_Ch9_13.Theorem_54_4_lifting_correspondence	64
Top1_Ch5_8_top1_metric_diameter_closure_ball_le.p	Top1_Ch5_8.top1_metric_diameter_closure_ball_le	64
Top1_Ch5_8_top1_metric_closure_ball_subset_ball.p	Top1_Ch5_8.top1_metric_closure_ball_subset_ball	64
Top1_Ch5_8_top1_metric_closure_ball_imp_dist_le.p	Top1_Ch5_8.top1_metric_closure_ball_imp_dist_le	64
Top1_Ch5_8_top1_locally_finite_family_on_subset.p	Top1_Ch5_8.top1_locally_finite_family_on_subset	64
Top1_Ch5_8_top1_closure_on_Union_locally_finite.p	Top1_Ch5_8.top1_closure_on_Union_locally_finite	64
Top1_Ch5_8_subspace_topology_generated_by_basis.p	Top1_Ch5_8.subspace_topology_generated_by_basis	64
Top1_Ch5_8_open_in_generated_basis_neighborhood.p	Top1_Ch5_8.open_in_generated_basis_neighborhood	64
Top1_Ch5_8_continuous_preserves_net_convergence.p	Top1_Ch5_8.continuous_preserves_net_convergence	64
Top1_Ch5_8_complete_totally_bounded_imp_compact.p	Top1_Ch5_8.complete_totally_bounded_imp_compact	64
Top1_Ch4_top1_urysohn_U_closure_mono_same_level.p	Top1_Ch4.top1_urysohn_U_closure_mono_same_level	64
Top1_Ch4_top1_geometric_partial_sum_shift_bound.p	Top1_Ch4.top1_geometric_partial_sum_shift_bound	64
Top1_Ch4_top1_continuous_inv_order_topology_pos.p	Top1_Ch4.top1_continuous_inv_order_topology_pos	64
Top1_Ch4_seq_converges_to_on_in_set_imp_closure.p	Top1_Ch4.seq_converges_to_on_in_set_imp_closure	64
Top1_Ch4_Theorem_30_2_second_countable_subspace.p	Top1_Ch4.Theorem_30_2_second_countable_subspace	64
Top1_Ch3_top1_metric_compact_bounded_from_point.p	Top1_Ch3.top1_metric_compact_bounded_from_point	64
Top1_Ch3_top1_compact_on_imp_locally_compact_on.p	Top1_Ch3.top1_compact_on_imp_locally_compact_on	64
Top1_Ch2_top1_real_bounded_metric_lt_iff_abs_lt.p	Top1_Ch2.top1_real_bounded_metric_lt_iff_abs_lt	64
Top1_Ch2_top1_metric_topology_on_is_topology_on.p	Top1_Ch2.top1_metric_topology_on_is_topology_on	64
Top1_Ch2_top1_euclidean_metric_real_on_triangle.p	Top1_Ch2.top1_euclidean_metric_real_on_triangle	64
Top1_Ch2_top1_euclidean_metric_real_on_coord_le.p	Top1_Ch2.top1_euclidean_metric_real_on_coord_le	64
Top1_Ch2_product_basis_finitely_many_nontrivial.p	Top1_Ch2.product_basis_finitely_many_nontrivial	64
Top1_Ch2_open_ray_lt_in_bounded_metric_topology.p	Top1_Ch2.open_ray_lt_in_bounded_metric_topology	64
Top1_Ch2_open_ray_gt_in_bounded_metric_topology.p	Top1_Ch2.open_ray_gt_in_bounded_metric_topology	64
Top1_Ch9_13_top1_R_to_S1_translated_lift_start.p	Top1_Ch9_13.top1_R_to_S1_translated_lift_start	64
Top1_Ch5_8_paracompact_closure_union_avoidance.p	Top1_Ch5_8.paracompact_closure_union_avoidance	64
Top1_Ch5_8_order_topology_on_UNIV_imp_HOL_open.p	Top1_Ch5_8.order_topology_on_UNIV_imp_HOL_open	64
Top1_Ch5_8_net_convergence_iff_seq_convergence.p	Top1_Ch5_8.net_convergence_iff_seq_convergence	64
Top1_Ch5_8_metric_epsilon_delta_imp_continuous.p	Top1_Ch5_8.metric_epsilon_delta_imp_continuous	64
Top1_Ch5_8_metric_continuous_imp_epsilon_delta.p	Top1_Ch5_8.metric_continuous_imp_epsilon_delta	64
Top1_Ch5_8_eval_continuous_compact_convergence.p	Top1_Ch5_8.eval_continuous_compact_convergence	64
Top1_Ch5_8_compact_metric_imp_second_countable.p	Top1_Ch5_8.compact_metric_imp_second_countable	64
Top1_Ch5_8_HOL_open_imp_order_topology_on_UNIV.p	Top1_Ch5_8.HOL_open_imp_order_topology_on_UNIV	64
Top1_Ch4_top1_continuous_uminus_order_topology.p	Top1_Ch4.top1_continuous_uminus_order_topology	64
Top1_Ch4_top1_compact_on_finite_subcover_image.p	Top1_Ch4.top1_compact_on_finite_subcover_image	64
Top1_Ch4_Theorem_30_2_second_countable_product.p	Top1_Ch4.Theorem_30_2_second_countable_product	64
Top1_Ch4_Theorem_30_2_first_countable_subspace.p	Top1_Ch4.Theorem_30_2_first_countable_subspace	64
Top1_Ch2_topology_generated_by_basis_is_strict.p	Top1_Ch2.topology_generated_by_basis_is_strict	64
Top1_Ch2_top1_uniform_metric_real_on_metric_on.p	Top1_Ch2.top1_uniform_metric_real_on_metric_on	64
Top1_Ch2_top1_uniform_metric_real_on_bdd_above.p	Top1_Ch2.top1_uniform_metric_real_on_bdd_above	64
Top1_Ch2_order_topology_on_UNIV_is_topology_on.p	Top1_Ch2.order_topology_on_UNIV_is_topology_on	64
Top1_Ch2_basis_order_topology_is_basis_on_UNIV.p	Top1_Ch2.basis_order_topology_is_basis_on_UNIV	64
Top1_Ch2_basis_elem_open_in_generated_topology.p	Top1_Ch2.basis_elem_open_in_generated_topology	64
Top1_Ch9_13_top1_continuous_map_on_II_to_UNIV.p	Top1_Ch9_13.top1_continuous_map_on_II_to_UNIV	64
Top1_Ch9_13_homotopy_induced_basepoint_change.p	Top1_Ch9_13.homotopy_induced_basepoint_change	64
Top1_Ch5_8_underdetermined_homogeneous_system.p	Top1_Ch5_8.underdetermined_homogeneous_system	64
Top1_Ch5_8_top1_closedin_Union_locally_finite.p	Top1_Ch5_8.top1_closedin_Union_locally_finite	64
Top1_Ch5_8_product_subspace_topology_eq_const.p	Top1_Ch5_8.product_subspace_topology_eq_const	64
Top1_Ch5_8_order_topology_on_UNIV_eq_HOL_open.p	Top1_Ch5_8.order_topology_on_UNIV_eq_HOL_open	64
Top1_Ch5_8_compact_iff_seq_compact_metrizable.p	Top1_Ch5_8.compact_iff_seq_compact_metrizable	64
Top1_Ch4_wellorder_Ioc_open_in_order_topology.p	Top1_Ch4.wellorder_Ioc_open_in_order_topology	64
Top1_Ch4_open_interval_in_abs_metric_topology.p	Top1_Ch4.open_interval_in_abs_metric_topology	64
Top1_Ch4_Theorem_30_2_first_countable_product.p	Top1_Ch4.Theorem_30_2_first_countable_product	64
Top1_Ch3_top1_in_same_path_component_on_trans.p	Top1_Ch3.top1_in_same_path_component_on_trans	64
Top1_Ch3_top1_countable_nonempty_eq_image_nat.p	Top1_Ch3.top1_countable_nonempty_eq_image_nat	64
Top1_Ch3_top1_compact_nested_closure_inter_ne.p	Top1_Ch3.top1_compact_nested_closure_inter_ne	64
Top1_Ch2_top1_uniform_metric_real_on_coord_le.p	Top1_Ch2.top1_uniform_metric_real_on_coord_le	64
Top1_Ch2_is_topology_on_strict_counterexample.p	Top1_Ch2.is_topology_on_strict_counterexample	64
Top1_Ch2_continuous_map_image_subspace_strict.p	Top1_Ch2.continuous_map_image_subspace_strict	64
Top1_Ch9_13_top1_simply_connected_strict_imp.p	Top1_Ch9_13.top1_simply_connected_strict_imp	64
Top1_Ch9_13_top1_is_retraction_on_continuous.p	Top1_Ch9_13.top1_is_retraction_on_continuous	64
Top1_Ch9_13_top1_fundamental_group_mul_class.p	Top1_Ch9_13.top1_fundamental_group_mul_class	64
Top1_Ch9_13_top1_evenly_covered_on_openin_on.p	Top1_Ch9_13.top1_evenly_covered_on_openin_on	64
Top1_Ch9_13_top1_basepoint_change_loop_equiv.p	Top1_Ch9_13.top1_basepoint_change_loop_equiv	64
Top1_Ch9_13_top1_basepoint_change_congruence.p	Top1_Ch9_13.top1_basepoint_change_congruence	64
Top1_Ch9_13_top1_R_to_S1_translated_lift_end.p	Top1_Ch9_13.top1_R_to_S1_translated_lift_end	64
Top1_Ch9_13_simply_connected_paths_homotopic.p	Top1_Ch9_13.simply_connected_paths_homotopic	64
Top1_Ch9_13_path_homotopy_reverse_continuous.p	Top1_Ch9_13.path_homotopy_reverse_continuous	64
Top1_Ch9_13_grid_from_per_piece_subdivisions.p	Top1_Ch9_13.grid_from_per_piece_subdivisions	64
Top1_Ch9_13_S1_I_to_R2_minus_0_continuous_on.p	Top1_Ch9_13.S1_I_to_R2_minus_0_continuous_on	64
Top1_Ch5_8_top1_embedding_on_restrict_domain.p	Top1_Ch5_8.top1_embedding_on_restrict_domain	64
Top1_Ch5_8_top1_compact_uniformly_continuous.p	Top1_Ch5_8.top1_compact_uniformly_continuous	64
Top1_Ch5_8_paracompact_hausdorff_imp_regular.p	Top1_Ch5_8.paracompact_hausdorff_imp_regular	64
Top1_Ch5_8_metric_topology_ball_neighborhood.p	Top1_Ch5_8.metric_topology_ball_neighborhood	64
Top1_Ch5_8_lp_compact_iff_seq_compact_metric.p	Top1_Ch5_8.lp_compact_iff_seq_compact_metric	64
Top1_Ch5_8_PiE_closed_sets_closed_in_product.p	Top1_Ch5_8.PiE_closed_sets_closed_in_product	64
Top1_Ch4_top1_support_on_complement_imp_zero.p	Top1_Ch4.top1_support_on_complement_imp_zero	64
Top1_Ch3_top1_path_component_of_on_eq_of_mem.p	Top1_Ch3.top1_path_component_of_on_eq_of_mem	64
Top1_Ch3_top1_in_same_path_component_on_refl.p	Top1_Ch3.top1_in_same_path_component_on_refl	64
Top1_Ch3_top1_27_7_shrink_open_avoid_closure.p	Top1_Ch3.top1_27_7_shrink_open_avoid_closure	64
Top1_Ch3_lp_compact_T1_infinite_intersection.p	Top1_Ch3.lp_compact_T1_infinite_intersection	64
Top1_Ch3_is_hausdorff_on_of_homeomorphism_on.p	Top1_Ch3.is_hausdorff_on_of_homeomorphism_on	64
Top1_Ch2_top1_square_metric_real_on_triangle.p	Top1_Ch2.top1_square_metric_real_on_triangle	64
Top1_Ch2_top1_square_metric_real_on_coord_le.p	Top1_Ch2.top1_square_metric_real_on_coord_le	64
Top1_Ch2_top1_box_topology_on_is_topology_on.p	Top1_Ch2.top1_box_topology_on_is_topology_on	64
Top1_Ch2_top1_ball_openin_on_metric_topology.p	Top1_Ch2.top1_ball_openin_on_metric_topology	64
Top1_Ch2_convex_in_refine_basis_intersection.p	Top1_Ch2.convex_in_refine_basis_intersection	64
Top1_Ch9_13_top1_snd_continuous_R2_subspace.p	Top1_Ch9_13.top1_snd_continuous_R2_subspace	64
Top1_Ch9_13_top1_fst_continuous_R2_subspace.p	Top1_Ch9_13.top1_fst_continuous_R2_subspace	64
Top1_Ch9_13_top1_covering_map_on_continuous.p	Top1_Ch9_13.top1_covering_map_on_continuous	64
Top1_Ch9_13_top1_basepoint_change_roundtrip.p	Top1_Ch9_13.top1_basepoint_change_roundtrip	64
Top1_Ch9_13_path_homotopy_concat_continuous.p	Top1_Ch9_13.path_homotopy_concat_continuous	64
Top1_Ch9_13_op_minus_continuous_on_interval.p	Top1_Ch9_13.op_minus_continuous_on_interval	64
Top1_Ch9_13_homotopy_lifting_rectangle_step.p	Top1_Ch9_13.homotopy_lifting_rectangle_step	64
Top1_Ch9_13_Lemma_51_1_path_homotopic_trans.p	Top1_Ch9_13.Lemma_51_1_path_homotopic_trans	64
Top1_Ch5_8_top1_dim_le_on_closedin_subspace.p	Top1_Ch5_8.top1_dim_le_on_closedin_subspace	64
Top1_Ch5_8_top1_compact_hausdorff_imp_baire.p	Top1_Ch5_8.top1_compact_hausdorff_imp_baire	64
Top1_Ch5_8_metric_conv_eventually_in_closed.p	Top1_Ch5_8.metric_conv_eventually_in_closed	64
Top1_Ch5_8_closedin_on_finite_indexed_Union.p	Top1_Ch5_8.closedin_on_finite_indexed_Union	64
Top1_Ch5_8_basis_elem_in_generated_topology.p	Top1_Ch5_8.basis_elem_in_generated_topology	64
Top1_Ch5_8_RN_shifted_cube_in_product_basis.p	Top1_Ch5_8.RN_shifted_cube_in_product_basis	64
Top1_Ch4_top1_urysohn_U_odd_step_properties.p	Top1_Ch4.top1_urysohn_U_odd_step_properties	64
Top1_Ch4_top1_urysohn_U_closure_mono_dyadic.p	Top1_Ch4.top1_urysohn_U_closure_mono_dyadic	64
Top1_Ch4_top1_uniform_limit_continuous_real.p	Top1_Ch4.top1_uniform_limit_continuous_real	64
Top1_Ch4_top1_continuous_mul_order_topology.p	Top1_Ch4.top1_continuous_mul_order_topology	64
Top1_Ch4_top1_continuous_min2_unit_interval.p	Top1_Ch4.top1_continuous_min2_unit_interval	64
Top1_Ch4_top1_continuous_add_order_topology.p	Top1_Ch4.top1_continuous_add_order_topology	64
Top1_Ch4_paracompact_closure_avoidance_step.p	Top1_Ch4.paracompact_closure_avoidance_step	64
Top1_Ch4_open_ray_lt_in_abs_metric_topology.p	Top1_Ch4.open_ray_lt_in_abs_metric_topology	64
Top1_Ch4_open_ray_gt_in_abs_metric_topology.p	Top1_Ch4.open_ray_gt_in_abs_metric_topology	64
Top1_Ch3_top1_path_component_of_on_self_mem.p	Top1_Ch3.top1_path_component_of_on_self_mem	64
Top1_Ch3_top1_open_sets_is_topology_on_UNIV.p	Top1_Ch3.top1_open_sets_is_topology_on_UNIV	64
Top1_Ch3_top1_in_same_path_component_on_sym.p	Top1_Ch3.top1_in_same_path_component_on_sym	64
Top1_Ch3_top1_component_of_on_in_components.p	Top1_Ch3.top1_component_of_on_in_components	64
Top1_Ch3_compact_hausdorff_shrink_into_open.p	Top1_Ch3.compact_hausdorff_shrink_into_open	64
Top1_Ch2_topology_generated_by_basis_subset.p	Top1_Ch2.topology_generated_by_basis_subset	64
Top1_Ch2_top1_real_bounded_metric_metric_on.p	Top1_Ch2.top1_real_bounded_metric_metric_on	64
Top1_Ch2_top1_D_metric_real_omega_term_le_1.p	Top1_Ch2.top1_D_metric_real_omega_term_le_1	64
Top1_Ch2_top1_D_metric_real_omega_bdd_above.p	Top1_Ch2.top1_D_metric_real_omega_bdd_above	64
Top1_Ch2_product_topology_on_is_topology_on.p	Top1_Ch2.product_topology_on_is_topology_on	64
Top1_Ch2_hausdorff_on_of_inj_continuous_map.p	Top1_Ch2.hausdorff_on_of_inj_continuous_map	64
Top1_Ch9_13_vector_field_must_point_inward.p	Top1_Ch9_13.vector_field_must_point_inward	64
Top1_Ch9_13_top1_continuous_map_on_II_to_I.p	Top1_Ch9_13.top1_continuous_map_on_II_to_I	64
Top1_Ch9_13_top1_continuous_map_loop_early.p	Top1_Ch9_13.top1_continuous_map_loop_early	64
Top1_Ch9_13_path_homotopy_const_continuous.p	Top1_Ch9_13.path_homotopy_const_continuous	64
Top1_Ch9_13_nulhomotopic_trivializes_loops.p	Top1_Ch9_13.nulhomotopic_trivializes_loops	64
Top1_Ch9_13_fundamental_group_mul_eq_class.p	Top1_Ch9_13.fundamental_group_mul_eq_class	64
Top1_Ch9_13_Lemma_51_1_path_homotopic_refl.p	Top1_Ch9_13.Lemma_51_1_path_homotopic_refl	64
Top1_Ch5_8_tychonoff_point_in_all_closures.p	Top1_Ch5_8.tychonoff_point_in_all_closures	64
Top1_Ch5_8_top1_diameter_on_lt_imp_dist_lt.p	Top1_Ch5_8.top1_diameter_on_lt_imp_dist_lt	64
Top1_Ch5_8_top1_continuous_sum_finite_real.p	Top1_Ch5_8.top1_continuous_sum_finite_real	64
Top1_Ch5_8_top1_Rpow_topology_eq_sq_metric.p	Top1_Ch5_8.top1_Rpow_topology_eq_sq_metric	64
Top1_Ch5_8_top1_Rpow_sq_metric_is_complete.p	Top1_Ch5_8.top1_Rpow_sq_metric_is_complete	64
Top1_Ch5_8_product_of_closedin_is_closedin.p	Top1_Ch5_8.product_of_closedin_is_closedin	64
Top1_Ch5_8_net_converges_eventually_strict.p	Top1_Ch5_8.net_converges_eventually_strict	64
Top1_Ch5_8_metric_topology_open_from_balls.p	Top1_Ch5_8.metric_topology_open_from_balls	64
Top1_Ch5_8_interval_open_contains_eps_ball.p	Top1_Ch5_8.interval_open_contains_eps_ball	64
Top1_Ch5_8_continuous_restrict_to_interval.p	Top1_Ch5_8.continuous_restrict_to_interval	64
Top1_Ch5_8_continuous_image_closure_subset.p	Top1_Ch5_8.continuous_image_closure_subset	64
Top1_Ch5_8_continuous_funcs_eq_maps_metric.p	Top1_Ch5_8.continuous_funcs_eq_maps_metric	64
Top1_Ch5_8_closedin_contains_closure_early.p	Top1_Ch5_8.closedin_contains_closure_early	64
Top1_Ch5_8_Rpow_sq_metric_eq_square_metric.p	Top1_Ch5_8.Rpow_sq_metric_eq_square_metric	64
Top1_Ch4_top1_continuous_sum_lessThan_real.p	Top1_Ch4.top1_continuous_sum_lessThan_real	64
Top1_Ch4_top1_continuous_min_unit_interval.p	Top1_Ch4.top1_continuous_min_unit_interval	64
Top1_Ch4_top1_continuous_map_on_Rpow_coord.p	Top1_Ch4.top1_continuous_map_on_Rpow_coord	64
Top1_Ch4_completely_regular_imp_regular_on.p	Top1_Ch4.completely_regular_imp_regular_on	64
Top1_Ch3_top1_component_of_on_as_component.p	Top1_Ch3.top1_component_of_on_as_component	64
Top1_Ch3_top1_compact_Icc_linear_continuum.p	Top1_Ch3.top1_compact_Icc_linear_continuum	64
Top1_Ch3_compact_real_imp_top1_bounded_set.p	Top1_Ch3.compact_real_imp_top1_bounded_set	64
Top1_Ch3_closure_of_connected_is_connected.p	Top1_Ch3.closure_of_connected_is_connected	64
Top1_Ch2_top1_square_metric_real_on_lt_iff.p	Top1_Ch2.top1_square_metric_real_on_lt_iff	64
Top1_Ch2_top1_real_bounded_metric_triangle.p	Top1_Ch2.top1_real_bounded_metric_triangle	64
Top1_Ch2_top1_ball_open_in_metric_topology.p	Top1_Ch2.top1_ball_open_in_metric_topology	64
Top1_Ch2_top1_D_metric_real_omega_triangle.p	Top1_Ch2.top1_D_metric_real_omega_triangle	64
Top1_Ch2_continuous_map_preimage_openin_on.p	Top1_Ch2.continuous_map_preimage_openin_on	64
Top1_Ch2_abs_diff_lt_iff_mem_open_interval.p	Top1_Ch2.abs_diff_lt_iff_mem_open_interval	64
Top1_Ch9_13_top1_is_retraction_on_fixes_A.p	Top1_Ch9_13.top1_is_retraction_on_fixes_A	64
Top1_Ch9_13_top1_is_lifting_on_continuous.p	Top1_Ch9_13.top1_is_lifting_on_continuous	64
Top1_Ch9_13_top1_continuous_preimage_ball.p	Top1_Ch9_13.top1_continuous_preimage_ball	64
Top1_Ch9_13_top1_constant_path_continuous.p	Top1_Ch9_13.top1_constant_path_continuous	64
Top1_Ch9_13_top1_basepoint_change_is_loop.p	Top1_Ch9_13.top1_basepoint_change_is_loop	64
Top1_Ch9_13_product_topology_on_open_sets.p	Top1_Ch9_13.product_topology_on_open_sets	64
Top1_Ch9_13_double_basepoint_change_equiv.p	Top1_Ch9_13.double_basepoint_change_equiv	64
Top1_Ch9_13_basepoint_change_iso_via_path.p	Top1_Ch9_13.basepoint_change_iso_via_path	64
Top1_Ch9_13_S1_I_to_R2_minus_0_continuous.p	Top1_Ch9_13.S1_I_to_R2_minus_0_continuous	64
Top1_Ch9_13_Lemma_51_1_path_homotopic_sym.p	Top1_Ch9_13.Lemma_51_1_path_homotopic_sym	64
Top1_Ch5_8_top1_metric_dist_set_bdd_above.p	Top1_Ch5_8.top1_metric_dist_set_bdd_above	64
Top1_Ch5_8_top1_densein_on_subset_carrier.p	Top1_Ch5_8.top1_densein_on_subset_carrier	64
Top1_Ch5_8_subspace_topology_self_carrier.p	Top1_Ch5_8.subspace_topology_self_carrier	64
Top1_Ch5_8_subnet_converges_to_same_limit.p	Top1_Ch5_8.subnet_converges_to_same_limit	61
Top1_Ch5_8_paracompact_regular_imp_normal.p	Top1_Ch5_8.paracompact_regular_imp_normal	64
Top1_Ch5_8_homeomorphism_preserves_dim_le.p	Top1_Ch5_8.homeomorphism_preserves_dim_le	64
Top1_Ch5_8_hilbert_entry_sub_quad_match_0.p	Top1_Ch5_8.hilbert_entry_sub_quad_match_0	64
Top1_Ch5_8_continuous_maps_metric_on_eval.p	Top1_Ch5_8.continuous_maps_metric_on_eval	64
Top1_Ch5_8_compact_iff_seq_compact_metric.p	Top1_Ch5_8.compact_iff_seq_compact_metric	64
Top1_Ch5_8_closedin_subspace_from_ambient.p	Top1_Ch5_8.closedin_subspace_from_ambient	64
Top1_Ch5_8_closed_interval_01_is_topology.p	Top1_Ch5_8.closed_interval_01_is_topology	64
Top1_Ch5_8_cc_supset_uniform_compact_full.p	Top1_Ch5_8.cc_supset_uniform_compact_full	64
Top1_Ch5_8_Rpow_hyperplane_empty_interior.p	Top1_Ch5_8.Rpow_hyperplane_empty_interior	64
Top1_Ch5_8_RN_shifted_cube_disjoint_coord.p	Top1_Ch5_8.RN_shifted_cube_disjoint_coord	64
Top1_Ch4_top1_support_on_contains_nonzero.p	Top1_Ch4.top1_support_on_contains_nonzero	64
Top1_Ch4_top1_embedding_on_imp_continuous.p	Top1_Ch4.top1_embedding_on_imp_continuous	64
Top1_Ch4_normal_imp_completely_regular_on.p	Top1_Ch4.normal_imp_completely_regular_on	64
Top1_Ch3_top1_path_component_of_on_subset.p	Top1_Ch3.top1_path_component_of_on_subset	64
Top1_Ch3_top1_connected_on_subspace_openI.p	Top1_Ch3.top1_connected_on_subspace_openI	64
Top1_Ch3_top1_compact_on_continuous_image.p	Top1_Ch3.top1_compact_on_continuous_image	64
Top1_Ch3_locally_path_connected_at_strict.p	Top1_Ch3.locally_path_connected_at_strict	64
Top1_Ch2_top1_uniform_metric_real_on_refl.p	Top1_Ch2.top1_uniform_metric_real_on_refl	64
Top1_Ch2_top1_saturated_preimage_image_eq.p	Top1_Ch2.top1_saturated_preimage_image_eq	64
Top1_Ch2_top1_D_metric_real_omega_term_le.p	Top1_Ch2.top1_D_metric_real_omega_term_le	64
Top1_Ch2_subspace_topology_is_topology_on.p	Top1_Ch2.subspace_topology_is_topology_on	64
Top1_Ch2_continuous_map_preimage_open_all.p	Top1_Ch2.continuous_map_preimage_open_all	64
Top1_Ch2_basis_order_topology_on_restrict.p	Top1_Ch2.basis_order_topology_on_restrict	64
Top1_Ch2_basis_for_order_topology_on_UNIV.p	Top1_Ch2.basis_for_order_topology_on_UNIV	64
Top1_Ch9_13_top1_path_reverse_continuous.p	Top1_Ch9_13.top1_path_reverse_continuous	64
Top1_Ch9_13_top1_path_product_continuous.p	Top1_Ch9_13.top1_path_product_continuous	64
Top1_Ch9_13_top1_is_retraction_on_subset.p	Top1_Ch9_13.top1_is_retraction_on_subset	64
Top1_Ch9_13_top1_continuous_map_on_agree.p	Top1_Ch9_13.top1_continuous_map_on_agree	64
Top1_Ch9_13_top1_R_to_S1_int_shift_early.p	Top1_Ch9_13.top1_R_to_S1_int_shift_early	64
Top1_Ch9_13_path_homotopic_product_right.p	Top1_Ch9_13.path_homotopic_product_right	64
Top1_Ch9_13_nulhomotopic_homotopic_trans.p	Top1_Ch9_13.nulhomotopic_homotopic_trans	64
Top1_Ch9_13_Lemma_55_1_retract_injective.p	Top1_Ch9_13.Lemma_55_1_retract_injective	64
Top1_Ch5_8_top1_uniform_metric_is_metric.p	Top1_Ch5_8.top1_uniform_metric_is_metric	64
Top1_Ch5_8_top1_densein_on_open_subspace.p	Top1_Ch5_8.top1_densein_on_open_subspace	64
Top1_Ch5_8_top1_cover_order_le_on_subset.p	Top1_Ch5_8.top1_cover_order_le_on_subset	64
Top1_Ch5_8_top1_cover_order_le_on_mono_m.p	Top1_Ch5_8.top1_cover_order_le_on_mono_m	64
Top1_Ch5_8_top1_cover_order_le_on_mono_X.p	Top1_Ch5_8.top1_cover_order_le_on_mono_X	64
Top1_Ch5_8_top1_bounded_metric_lt_imp_lt.p	Top1_Ch5_8.top1_bounded_metric_lt_imp_lt	64
Top1_Ch5_8_top1_Rpow_sq_metric_is_metric.p	Top1_Ch5_8.top1_Rpow_sq_metric_is_metric	64
Top1_Ch5_8_real_order_topology_hausdorff.p	Top1_Ch5_8.real_order_topology_hausdorff	64
Top1_Ch5_8_product_subspace_eq_pointwise.p	Top1_Ch5_8.product_subspace_eq_pointwise	64
Top1_Ch5_8_pointwise_d_imp_sup_bm_strict.p	Top1_Ch5_8.pointwise_d_imp_sup_bm_strict	64
Top1_Ch5_8_locally_finite_sum_continuous.p	Top1_Ch5_8.locally_finite_sum_continuous	64
Top1_Ch5_8_hilbert_exit_sub_quad_match_3.p	Top1_Ch5_8.hilbert_exit_sub_quad_match_3	64
Top1_Ch5_8_equicontinuous_covering_bound.p	Top1_Ch5_8.equicontinuous_covering_bound	64
Top1_Ch5_8_complete_tb_convergent_subseq.p	Top1_Ch5_8.complete_tb_convergent_subseq	64
Top1_Ch5_8_compact_iff_lp_compact_metric.p	Top1_Ch5_8.compact_iff_lp_compact_metric	64
Top1_Ch5_8_basis_order_topology_HOL_open.p	Top1_Ch5_8.basis_order_topology_HOL_open	64
Top1_Ch5_8_affine_on_interval_continuous.p	Top1_Ch5_8.affine_on_interval_continuous	64
Top1_Ch4_top1_urysohn_U_basic_properties.p	Top1_Ch4.top1_urysohn_U_basic_properties	64
Top1_Ch4_top1_closed_interval_metrizable.p	Top1_Ch4.top1_closed_interval_metrizable	64
Top1_Ch4_normal_shrink_finite_open_cover.p	Top1_Ch4.normal_shrink_finite_open_cover	64
Top1_Ch4_normal_finite_cover_bump_family.p	Top1_Ch4.normal_finite_cover_bump_family	64
Top1_Ch4_first_countable_closure_imp_seq.p	Top1_Ch4.first_countable_closure_imp_seq	64
Top1_Ch3_top1_product_open_contains_rect.p	Top1_Ch3.top1_product_open_contains_rect	64
Top1_Ch3_top1_not_countable_UNIV_nat_set.p	Top1_Ch3.top1_not_countable_UNIV_nat_set	64
Top1_Ch3_top1_in_same_component_on_trans.p	Top1_Ch3.top1_in_same_component_on_trans	64
Top1_Ch3_top1_continuous_map_on_section2.p	Top1_Ch3.top1_continuous_map_on_section2	64
Top1_Ch3_top1_compact_on_union2_subspace.p	Top1_Ch3.top1_compact_on_union2_subspace	64
Top1_Ch3_top1_compact_on_finite_subspace.p	Top1_Ch3.top1_compact_on_finite_subspace	64
Top1_Ch2_top1_D_metric_real_omega_nonneg.p	Top1_Ch2.top1_D_metric_real_omega_nonneg	64
Top1_Ch2_seq_converges_eventually_strict.p	Top1_Ch2.seq_converges_eventually_strict	64
Top1_Ch2_open_interval_in_order_topology.p	Top1_Ch2.open_interval_in_order_topology	64
Top1_Ch2_is_topology_on_strict_opens_sub.p	Top1_Ch2.is_topology_on_strict_opens_sub	64
Top1_Ch9_13_subspace_topology_UNIV_self.p	Top1_Ch9_13.subspace_topology_UNIV_self	64
Top1_Ch9_13_path_homotopic_product_left.p	Top1_Ch9_13.path_homotopic_product_left	64
Top1_Ch9_13_homotopy_reverse_continuous.p	Top1_Ch9_13.homotopy_reverse_continuous	64
Top1_Ch9_13_Theorem_51_2_right_identity.p	Top1_Ch9_13.Theorem_51_2_right_identity	64
Top1_Ch9_13_Theorem_51_2_invgerse_right.p	Top1_Ch9_13.Theorem_51_2_invgerse_right	64
Top1_Ch9_13_Lemma_54_2_homotopy_lifting.p	Top1_Ch9_13.Lemma_54_2_homotopy_lifting	64
Top1_Ch5_8_tychonoff_subbasis_in_maxFIP.p	Top1_Ch5_8.tychonoff_subbasis_in_maxFIP	64
Top1_Ch5_8_top1_dim_le_on_iff_dim_on_le.p	Top1_Ch5_8.top1_dim_le_on_iff_dim_on_le	64
Top1_Ch5_8_top1_dim_le_on_dim_on_finite.p	Top1_Ch5_8.top1_dim_le_on_dim_on_finite	64
Top1_Ch5_8_top1_closure_on_Union_finite.p	Top1_Ch5_8.top1_closure_on_Union_finite	64
Top1_Ch5_8_top1_closed_interval_compact.p	Top1_Ch5_8.top1_closed_interval_compact	64
Top1_Ch5_8_sigma_lf_to_lf_open_covering.p	Top1_Ch5_8.sigma_lf_to_lf_open_covering	64
Top1_Ch5_8_product_subspace_topology_eq.p	Top1_Ch5_8.product_subspace_topology_eq	64
Top1_Ch5_8_metric_to_interval_eps_delta.p	Top1_Ch5_8.metric_to_interval_eps_delta	64
Top1_Ch5_8_metric_seq_closed_imp_closed.p	Top1_Ch5_8.metric_seq_closed_imp_closed	64
Top1_Ch5_8_metric_limit_preserves_bound.p	Top1_Ch5_8.metric_limit_preserves_bound	64
Top1_Ch5_8_compact_metric_imp_separable.p	Top1_Ch5_8.compact_metric_imp_separable	64
Top1_Ch4_top1_urysohn_U_mono_same_level.p	Top1_Ch4.top1_urysohn_U_mono_same_level	64
Top1_Ch4_top1_tietze_step2_approximants.p	Top1_Ch4.top1_tietze_step2_approximants	64
Top1_Ch4_top1_geometric_partial_sum_2_3.p	Top1_Ch4.top1_geometric_partial_sum_2_3	64
Top1_Ch4_regular_refine_point_into_open.p	Top1_Ch4.regular_refine_point_into_open	64
Top1_Ch4_normal_refine_closed_into_open.p	Top1_Ch4.normal_refine_closed_into_open	64
Top1_Ch3_top1_suminf_geometric_1_3_tail.p	Top1_Ch3.top1_suminf_geometric_1_3_tail	64
Top1_Ch3_top1_in_same_component_on_refl.p	Top1_Ch3.top1_in_same_component_on_refl	64
Top1_Ch3_top1_component_of_on_eq_of_mem.p	Top1_Ch3.top1_component_of_on_eq_of_mem	64
Top1_Ch3_top1_component_of_on_connected.p	Top1_Ch3.top1_component_of_on_connected	64
Top1_Ch3_top1_compact_on_empty_subspace.p	Top1_Ch3.top1_compact_on_empty_subspace	64
Top1_Ch3_connected_iff_clopen_openin_on.p	Top1_Ch3.connected_iff_clopen_openin_on	64
Top1_Ch2_top1_saturated_preimage_subset.p	Top1_Ch2.top1_saturated_preimage_subset	64
Top1_Ch2_top1_product_cylinder_in_basis.p	Top1_Ch2.top1_product_cylinder_in_basis	64
Top1_Ch2_top1_product_basis_is_basis_on.p	Top1_Ch2.top1_product_basis_is_basis_on	64
Top1_Ch2_top1_open_set_from_local_opens.p	Top1_Ch2.top1_open_set_from_local_opens	64
Top1_Ch2_top1_metric_open_contains_ball.p	Top1_Ch2.top1_metric_open_contains_ball	64
Top1_Ch2_top1_D_metric_real_omega_0_iff.p	Top1_Ch2.top1_D_metric_real_omega_0_iff	64
Top1_Ch2_neighborhood_of_strict_carrier.p	Top1_Ch2.neighborhood_of_strict_carrier	64
Top1_Ch2_basis_order_topology_on_subset.p	Top1_Ch2.basis_order_topology_on_subset	64
Top1_Ch9_13_top1_path_reverse_at_start.p	Top1_Ch9_13.top1_path_reverse_at_start	64
Top1_Ch9_13_top1_path_product_at_start.p	Top1_Ch9_13.top1_path_product_at_start	64
Top1_Ch9_13_top1_is_loop_on_continuous.p	Top1_Ch9_13.top1_is_loop_on_continuous	64
Top1_Ch9_13_top1_constant_path_is_path.p	Top1_Ch9_13.top1_constant_path_is_path	64
Top1_Ch9_13_top1_constant_path_is_loop.p	Top1_Ch9_13.top1_constant_path_is_loop	64
Top1_Ch9_13_homotopy_concat_continuous.p	Top1_Ch9_13.homotopy_concat_continuous	64
Top1_Ch9_13_Theorem_55_2_no_retraction.p	Top1_Ch9_13.Theorem_55_2_no_retraction	64
Top1_Ch9_13_Theorem_51_2_left_identity.p	Top1_Ch9_13.Theorem_51_2_left_identity	64
Top1_Ch9_13_Theorem_51_2_invgerse_left.p	Top1_Ch9_13.Theorem_51_2_invgerse_left	64
Top1_Ch9_13_Theorem_51_2_associativity.p	Top1_Ch9_13.Theorem_51_2_associativity	64
Top1_Ch9_13_Lemma_51_1_homotopic_trans.p	Top1_Ch9_13.Lemma_51_1_homotopic_trans	64
Top1_Ch5_8_uniform_metric_pointwise_lt.p	Top1_Ch5_8.uniform_metric_pointwise_lt	64
Top1_Ch5_8_top1_PiE_as_Inter_cylinders.p	Top1_Ch5_8.top1_PiE_as_Inter_cylinders	64
Top1_Ch5_8_product_topology_coord_open.p	Top1_Ch5_8.product_topology_coord_open	64
Top1_Ch5_8_open_family_basis_criterion.p	Top1_Ch5_8.open_family_basis_criterion	64
Top1_Ch5_8_metrizable_open_sub_carrier.p	Top1_Ch5_8.metrizable_open_sub_carrier	64
Top1_Ch5_8_finite_union_locally_finite.p	Top1_Ch5_8.finite_union_locally_finite	64
Top1_Ch5_8_finite_union_empty_interior.p	Top1_Ch5_8.finite_union_empty_interior	64
Top1_Ch5_8_expansion_lf_from_auxiliary.p	Top1_Ch5_8.expansion_lf_from_auxiliary	64
Top1_Ch5_8_compact_in_hausdorff_closed.p	Top1_Ch5_8.compact_in_hausdorff_closed	64
Top1_Ch5_8_compact_imp_totally_bounded.p	Top1_Ch5_8.compact_imp_totally_bounded	64
Top1_Ch5_8_compact_closed_FIP_inter_ne.p	Top1_Ch5_8.compact_closed_FIP_inter_ne	64
Top1_Ch5_8_RN_shifted_cube_eq_if_agree.p	Top1_Ch5_8.RN_shifted_cube_eq_if_agree	64
Top1_Ch4_top1_dyadic_lt_same_denom_iff.p	Top1_Ch4.top1_dyadic_lt_same_denom_iff	64
Top1_Ch4_exists_top1_dyadic_between_01.p	Top1_Ch4.exists_top1_dyadic_between_01	64
Top1_Ch4_Theorem_31_2_regular_subspace.p	Top1_Ch4.Theorem_31_2_regular_subspace	64
Top1_Ch3_top1_suminf_geometric_1_3_Suc.p	Top1_Ch3.top1_suminf_geometric_1_3_Suc	64
Top1_Ch3_top1_in_same_component_on_sym.p	Top1_Ch3.top1_in_same_component_on_sym	64
Top1_Ch3_top1_embedding_on_compact_inj.p	Top1_Ch3.top1_embedding_on_compact_inj	64
Top1_Ch3_top1_component_of_on_self_mem.p	Top1_Ch3.top1_component_of_on_self_mem	64
Top1_Ch3_compact_imp_countably_compact.p	Top1_Ch3.compact_imp_countably_compact	64
Top1_Ch2_top1_saturated_image_inter_eq.p	Top1_Ch2.top1_saturated_image_inter_eq	64
Top1_Ch2_top1_metric_basis_is_basis_on.p	Top1_Ch2.top1_metric_basis_is_basis_on	64
Top1_Ch2_top1_D_metric_real_omega_refl.p	Top1_Ch2.top1_D_metric_real_omega_refl	64
Top1_Ch2_top1_D_metric_real_omega_le_1.p	Top1_Ch2.top1_D_metric_real_omega_le_1	64
Top1_Ch2_singleton_closed_in_hausdorff.p	Top1_Ch2.singleton_closed_in_hausdorff	64
Top1_Ch2_open_ray_lt_in_order_topology.p	Top1_Ch2.open_ray_lt_in_order_topology	64
Top1_Ch2_open_ray_gt_in_order_topology.p	Top1_Ch2.open_ray_gt_in_order_topology	64
Top1_Ch2_is_topology_on_counterexample.p	Top1_Ch2.is_topology_on_counterexample	64
Top1_Ch9_13_top1_path_reverse_is_path.p	Top1_Ch9_13.top1_path_reverse_is_path	64
Top1_Ch9_13_top1_path_reverse_is_loop.p	Top1_Ch9_13.top1_path_reverse_is_loop	64
Top1_Ch9_13_top1_path_product_is_path.p	Top1_Ch9_13.top1_path_product_is_path	64
Top1_Ch9_13_top1_path_product_is_loop.p	Top1_Ch9_13.top1_path_product_is_loop	64
Top1_Ch9_13_top1_path_product_at_half.p	Top1_Ch9_13.top1_path_product_at_half	64
Top1_Ch9_13_top1_is_lifting_on_covers.p	Top1_Ch9_13.top1_is_lifting_on_covers	64
Top1_Ch9_13_top1_covering_map_on_surj.p	Top1_Ch9_13.top1_covering_map_on_surj	64
Top1_Ch9_13_open_cover_subdivision_01.p	Top1_Ch9_13.open_cover_subdivision_01	64
Top1_Ch9_13_increasing_interval_cover.p	Top1_Ch9_13.increasing_interval_cover	64
Top1_Ch9_13_homotopy_const_continuous.p	Top1_Ch9_13.homotopy_const_continuous	64
Top1_Ch9_13_flip_t_continuous_product.p	Top1_Ch9_13.flip_t_continuous_product	64
Top1_Ch9_13_Theorem_55_5_vector_field_1.p	Top1_Ch9_13.Theorem_55_5_vector_field_1	64
Top1_Ch9_13_Theorem_55_5_vector_field_2.p	Top1_Ch9_13.Theorem_55_5_vector_field_2	64
Top1_Ch9_13_Lemma_51_1_homotopic_refl.p	Top1_Ch9_13.Lemma_51_1_homotopic_refl	64
Top1_Ch5_8_weighted_sum_epsilon_delta.p	Top1_Ch5_8.weighted_sum_epsilon_delta	64
Top1_Ch5_8_uniform_metric_lt_imp_d_lt.p	Top1_Ch5_8.uniform_metric_lt_imp_d_lt	64
Top1_Ch5_8_tychonoff_subspace_compact.p	Top1_Ch5_8.tychonoff_subspace_compact	64
Top1_Ch5_8_top1_rho49_pointwise_bound.p	Top1_Ch5_8.top1_rho49_pointwise_bound	64
Top1_Ch5_8_top1_continuous_scale_real.p	Top1_Ch5_8.top1_continuous_scale_real	64
Top1_Ch5_8_product_basis_subspace_iff.p	Top1_Ch5_8.product_basis_subspace_iff	64
Top1_Ch5_8_metric_bounded_subset_mono.p	Top1_Ch5_8.metric_bounded_subset_mono	64
Top1_Ch5_8_hausdorff_net_unique_limit.p	Top1_Ch5_8.hausdorff_net_unique_limit	64
Top1_Ch5_8_dim_le_finite_closed_cover.p	Top1_Ch5_8.dim_le_finite_closed_cover	64
Top1_Ch5_8_compact_metric_small_cover.p	Top1_Ch5_8.compact_metric_small_cover	64
Top1_Ch5_8_compact_metric_imp_bounded.p	Top1_Ch5_8.compact_metric_imp_bounded	64
Top1_Ch5_8_co_subbasis_in_cc_subspace.p	Top1_Ch5_8.co_subbasis_in_cc_subspace	64
Top1_Ch5_8_closure_on_closed_subspace.p	Top1_Ch5_8.closure_on_closed_subspace	64
Top1_Ch5_8_closure_cc_cont_on_compact.p	Top1_Ch5_8.closure_cc_cont_on_compact	64
Top1_Ch5_8_closedin_if_closure_subset.p	Top1_Ch5_8.closedin_if_closure_subset	64
Top1_Ch5_8_bounded_metric_lt_imp_d_lt.p	Top1_Ch5_8.bounded_metric_lt_imp_d_lt	64
Top1_Ch5_8_affine_span_empty_interior.p	Top1_Ch5_8.affine_span_empty_interior	64
Top1_Ch5_8_Theorem_46_7_finer_than_on_1.p	Top1_Ch5_8.Theorem_46_7_finer_than_on_1	64
Top1_Ch5_8_Theorem_46_7_finer_than_on_2.p	Top1_Ch5_8.Theorem_46_7_finer_than_on_2	64
Top1_Ch5_8_Rpow_sq_metric_coord_bound.p	Top1_Ch5_8.Rpow_sq_metric_coord_bound	64
Top1_Ch5_8_RN_shifted_cube_sc_dist_le.p	Top1_Ch5_8.RN_shifted_cube_sc_dist_le	64
Top1_Ch5_8_RN_grid_covering_sc_covers.p	Top1_Ch5_8.RN_grid_covering_sc_covers	64
Top1_Ch5_8_RN_covering_order_N_plus_1.p	Top1_Ch5_8.RN_covering_order_N_plus_1	64
Top1_Ch4_wellorder_min_singleton_open.p	Top1_Ch4.wellorder_min_singleton_open	64
Top1_Ch4_top1_embedding_on_imp_inj_on.p	Top1_Ch4.top1_embedding_on_imp_inj_on	64
Top1_Ch4_top1_countable_iff_countable.p	Top1_Ch4.top1_countable_iff_countable	64
Top1_Ch4_top1_abs_metric_on_UNIV_real.p	Top1_Ch4.top1_abs_metric_on_UNIV_real	64
Top1_Ch4_regular_separation_openin_on.p	Top1_Ch4.regular_separation_openin_on	64
Top1_Ch3_top1_unit_interval_connected.p	Top1_Ch3.top1_unit_interval_connected	64
Top1_Ch3_top1_interval_encode_mem_Icc.p	Top1_Ch3.top1_interval_encode_mem_Icc	64
Top1_Ch3_top1_continuous_map_on_const.p	Top1_Ch3.top1_continuous_map_on_const	64
Top1_Ch3_top1_component_of_on_mem_iff.p	Top1_Ch3.top1_component_of_on_mem_iff	64
Top1_Ch2_top1_D_metric_real_omega_sym.p	Top1_Ch2.top1_D_metric_real_omega_sym	64
Top1_Ch2_dist_to_set_zero_iff_closure.p	Top1_Ch2.dist_to_set_zero_iff_closure	64
Top1_Ch2_convex_in_not_mem_imp_all_lt.p	Top1_Ch2.convex_in_not_mem_imp_all_lt	64
Top1_Ch2_convex_in_not_mem_imp_all_gt.p	Top1_Ch2.convex_in_not_mem_imp_all_gt	64
Top1_Ch2_continuous_preimage_closedin.p	Top1_Ch2.continuous_preimage_closedin	64
Top1_Ch2_continuous_map_preimage_open.p	Top1_Ch2.continuous_map_preimage_open	64
Top1_Ch2_basis_order_topology_on_UNIV.p	Top1_Ch2.basis_order_topology_on_UNIV	64
Top1_Ch2_basis_elem_open_if_basis_for.p	Top1_Ch2.basis_elem_open_if_basis_for	64
Top1_Ch2_Theorem_21_3_converse_metric.p	Top1_Ch2.Theorem_21_3_converse_metric	64
Top1_Ch2_Lemma_21_2_sequence_converse.p	Top1_Ch2.Lemma_21_2_sequence_converse	64
Top1_Ch9_13_top1_path_reverse_at_end.p	Top1_Ch9_13.top1_path_reverse_at_end	64
Top1_Ch9_13_top1_path_product_at_end.p	Top1_Ch9_13.top1_path_product_at_end	64
Top1_Ch9_13_top1_loop_equiv_on_trans.p	Top1_Ch9_13.top1_loop_equiv_on_trans	64
Top1_Ch9_13_top1_constant_path_value.p	Top1_Ch9_13.top1_constant_path_value	64
Top1_Ch9_13_top1_B2_simply_connected.p	Top1_Ch9_13.top1_B2_simply_connected	64
Top1_Ch9_13_Theorem_56_1_step_1_cont.p	Top1_Ch9_13.Theorem_56_1_step_1_cont	64
Top1_Ch9_13_Theorem_56_1_FTA_leading.p	Top1_Ch9_13.Theorem_56_1_FTA_leading	64
Top1_Ch9_13_Theorem_52_4_composition.p	Top1_Ch9_13.Theorem_52_4_composition	64
Top1_Ch9_13_Lemma_51_1_homotopic_sym.p	Top1_Ch9_13.Lemma_51_1_homotopic_sym	64
Top1_Ch5_8_top1_rho49_zero_imp_eq_on.p	Top1_Ch5_8.top1_rho49_zero_imp_eq_on	64
Top1_Ch5_8_top1_nbhd_of_set_contains.p	Top1_Ch5_8.top1_nbhd_of_set_contains	64
Top1_Ch5_8_top1_metric_ball_self_mem.p	Top1_Ch5_8.top1_metric_ball_self_mem	64
Top1_Ch5_8_top1_Inter_U49_subset_C01.p	Top1_Ch5_8.top1_Inter_U49_subset_C01	64
Top1_Ch5_8_open_dense_inter_nonempty.p	Top1_Ch5_8.open_dense_inter_nonempty	64
Top1_Ch5_8_metric_topology_hausdorff.p	Top1_Ch5_8.metric_topology_hausdorff	64
Top1_Ch5_8_metric_limit_preserves_le.p	Top1_Ch5_8.metric_limit_preserves_le	64
Top1_Ch5_8_metric_closed_ball_closed.p	Top1_Ch5_8.metric_closed_ball_closed	64
Top1_Ch5_8_infinite_range_lpc_subseq.p	Top1_Ch5_8.infinite_range_lpc_subseq	64
Top1_Ch5_8_floor_nat_plus_frac_early.p	Top1_Ch5_8.floor_nat_plus_frac_early	64
Top1_Ch5_8_finite_range_const_subseq.p	Top1_Ch5_8.finite_range_const_subseq	64
Top1_Ch5_8_continuous_funcs_eval_sub.p	Top1_Ch5_8.continuous_funcs_eval_sub	64
Top1_Ch5_8_complete_metric_baire_aux.p	Top1_Ch5_8.complete_metric_baire_aux	64
Top1_Ch5_8_compact_metrizable_strict.p	Top1_Ch5_8.compact_metrizable_strict	64
Top1_Ch5_8_closure_pointwise_bounded.p	Top1_Ch5_8.closure_pointwise_bounded	64
Top1_Ch5_8_closure_imp_net_converges.p	Top1_Ch5_8.closure_imp_net_converges	64
Top1_Ch5_8_closedin_contains_closure.p	Top1_Ch5_8.closedin_contains_closure	64
Top1_Ch5_8_closed_interval_hausdorff.p	Top1_Ch5_8.closed_interval_hausdorff	64
Top1_Ch5_8_cc_supset_uniform_compact.p	Top1_Ch5_8.cc_supset_uniform_compact	64
Top1_Ch5_8_cc_basis_member_pointwise.p	Top1_Ch5_8.cc_basis_member_pointwise	64
Top1_Ch5_8_affine_span_in_hyperplane.p	Top1_Ch5_8.affine_span_in_hyperplane	64
Top1_Ch5_8_Rpow_sup_dist_coord_bound.p	Top1_Ch5_8.Rpow_sup_dist_coord_bound	64
Top1_Ch5_8_RN_shifted_cube_sc_eq_iff.p	Top1_Ch5_8.RN_shifted_cube_sc_eq_iff	64
Top1_Ch5_8_RN_shifted_cube_sc_eq_PiE.p	Top1_Ch5_8.RN_shifted_cube_sc_eq_PiE	64
Top1_Ch5_8_RN_shifted_cube_dist_lt_1.p	Top1_Ch5_8.RN_shifted_cube_dist_lt_1	64
Top1_Ch5_8_RN_grid_covering_sc_order.p	Top1_Ch5_8.RN_grid_covering_sc_order	64
Top1_Ch4_top1_continuous_uminus_real.p	Top1_Ch4.top1_continuous_uminus_real	64
Top1_Ch4_normal_urysohn_initial_step.p	Top1_Ch4.normal_urysohn_initial_step	64
Top1_Ch4_normal_urysohn_bump_support.p	Top1_Ch4.normal_urysohn_bump_support	64
Top1_Ch4_normal_separation_openin_on.p	Top1_Ch4.normal_separation_openin_on	64
Top1_Ch4_finite_distinct_list_of_set.p	Top1_Ch4.finite_distinct_list_of_set	64
Top1_Ch3_top1_metric_compact_bounded.p	Top1_Ch3.top1_metric_compact_bounded	64
Top1_Ch3_top1_connected_on_singleton.p	Top1_Ch3.top1_connected_on_singleton	64
Top1_Ch3_top1_component_of_on_subset.p	Top1_Ch3.top1_component_of_on_subset	64
Top1_Ch3_locally_connected_at_strict.p	Top1_Ch3.locally_connected_at_strict	64
Top1_Ch2_top1_continuous_map_on_cong.p	Top1_Ch2.top1_continuous_map_on_cong	64
Top1_Ch2_top1_continuous_map_on_comp.p	Top1_Ch2.top1_continuous_map_on_comp	64
Top1_Ch2_top1_box_basis_on_strict_eq.p	Top1_Ch2.top1_box_basis_on_strict_eq	64
Top1_Ch2_subspace_topology_is_strict.p	Top1_Ch2.subspace_topology_is_strict	64
Top1_Ch2_hausdorff_separation_strict.p	Top1_Ch2.hausdorff_separation_strict	64
Top1_Ch2_closure_on_subset_of_closed.p	Top1_Ch2.closure_on_subset_of_closed	64
Top1_Ch9_13_top1_slh_ext_continuous.p	Top1_Ch9_13.top1_slh_ext_continuous	64
Top1_Ch9_13_top1_path_reverse_twice.p	Top1_Ch9_13.top1_path_reverse_twice	64
Top1_Ch9_13_top1_loop_equiv_on_refl.p	Top1_Ch9_13.top1_loop_equiv_on_refl	64
Top1_Ch9_13_top1_Z_is_abelian_group.p	Top1_Ch9_13.top1_Z_is_abelian_group	64
Top1_Ch9_13_top1_B2_diff_continuous.p	Top1_Ch9_13.top1_B2_diff_continuous	64
Top1_Ch9_13_pair_s_const_continuous.p	Top1_Ch9_13.pair_s_const_continuous	64
Top1_Ch9_13_pair_const_t_continuous.p	Top1_Ch9_13.pair_const_t_continuous	64
Top1_Ch9_13_closedin_I_sub_interval.p	Top1_Ch9_13.closedin_I_sub_interval	64
Top1_Ch9_13_Theorem_56_1_step_1_inj.p	Top1_Ch9_13.Theorem_56_1_step_1_inj	64
Top1_Ch9_13_Lemma_54_1_path_lifting.p	Top1_Ch9_13.Lemma_54_1_path_lifting	64
Top1_Ch9_13_II_topology_eq_subspace.p	Top1_Ch9_13.II_topology_eq_subspace	64
Top1_Ch5_8_uniform_limit_continuous.p	Top1_Ch5_8.uniform_limit_continuous	64
Top1_Ch5_8_uniform_ball_in_cc_basis.p	Top1_Ch5_8.uniform_ball_in_cc_basis	64
Top1_Ch5_8_unif_compact_imp_cc_conv.p	Top1_Ch5_8.unif_compact_imp_cc_conv	64
Top1_Ch5_8_top1_dim_on_le_of_dim_le.p	Top1_Ch5_8.top1_dim_on_le_of_dim_le	64
Top1_Ch5_8_top1_ball_on_mono_radius.p	Top1_Ch5_8.top1_ball_on_mono_radius	64
Top1_Ch5_8_pointwise_bounded_subset.p	Top1_Ch5_8.pointwise_bounded_subset	64
Top1_Ch5_8_pasting_lemma_two_closed.p	Top1_Ch5_8.pasting_lemma_two_closed	64
Top1_Ch5_8_metrizable_imp_hausdorff.p	Top1_Ch5_8.metrizable_imp_hausdorff	64
Top1_Ch5_8_metric_topology_open_sub.p	Top1_Ch5_8.metric_topology_open_sub	64
Top1_Ch5_8_hilbert_rec_dense_strict.p	Top1_Ch5_8.hilbert_rec_dense_strict	64
Top1_Ch5_8_countable_union_sigma_lf.p	Top1_Ch5_8.countable_union_sigma_lf	64
Top1_Ch5_8_compact_on_subspace_self.p	Top1_Ch5_8.compact_on_subspace_self	64
Top1_Ch5_8_compact_embedding_dim_le.p	Top1_Ch5_8.compact_embedding_dim_le	64
Top1_Ch5_8_closedin_on_finite_Union.p	Top1_Ch5_8.closedin_on_finite_Union	64
Top1_Ch5_8_cc_conv_imp_unif_compact.p	Top1_Ch5_8.cc_conv_imp_unif_compact	64
Top1_Ch5_8_Theorem_46_8_co_finer_cc.p	Top1_Ch5_8.Theorem_46_8_co_finer_cc	64
Top1_Ch5_8_Theorem_46_8_cc_finer_co.p	Top1_Ch5_8.Theorem_46_8_cc_finer_co	64
Top1_Ch5_8_RN_shifted_cube_nonempty.p	Top1_Ch5_8.RN_shifted_cube_nonempty	64
Top1_Ch4_wellorder_basis_refine_Ioc.p	Top1_Ch4.wellorder_basis_refine_Ioc	64
Top1_Ch4_top1_urysohn_unit_interval.p	Top1_Ch4.top1_urysohn_unit_interval	64
Top1_Ch4_normal_insert_open_between.p	Top1_Ch4.normal_insert_open_between	64
Top1_Ch3_top1_section_preimage_open.p	Top1_Ch3.top1_section_preimage_open	64
Top1_Ch2_top1_open_of_local_subsets.p	Top1_Ch2.top1_open_of_local_subsets	64
Top1_Ch2_top1_box_basis_is_basis_on.p	Top1_Ch2.top1_box_basis_is_basis_on	64
Top1_Ch2_top1_PiE_neq_imp_coord_neq.p	Top1_Ch2.top1_PiE_neq_imp_coord_neq	64
Top1_Ch2_product_topology_is_strict.p	Top1_Ch2.product_topology_is_strict	64
Top1_Ch2_neighborhood_of_strict_imp.p	Top1_Ch2.neighborhood_of_strict_imp	64
Top1_Ch2_hausdorff_strict_is_strict.p	Top1_Ch2.hausdorff_strict_is_strict	64
Top1_Ch2_continuous_map_maps_to_all.p	Top1_Ch2.continuous_map_maps_to_all	64
Top1_Ch2_basis_order_topology_cases.p	Top1_Ch2.basis_order_topology_cases	64
Top1_Ch9_13_top1_loop_equiv_on_sym.p	Top1_Ch9_13.top1_loop_equiv_on_sym	64
Top1_Ch9_13_top1_S1_arc_E_preimage.p	Top1_Ch9_13.top1_S1_arc_E_preimage	64
Top1_Ch9_13_top1_R_to_S1_int_shift.p	Top1_Ch9_13.top1_R_to_S1_int_shift	64
Top1_Ch9_13_top1_B2_path_connected.p	Top1_Ch9_13.top1_B2_path_connected	64
Top1_Ch5_8_sup_metric_ge_pointwise.p	Top1_Ch5_8.sup_metric_ge_pointwise	64
Top1_Ch5_8_sigma_lf_to_lf_covering.p	Top1_Ch5_8.sigma_lf_to_lf_covering	64
Top1_Ch5_8_limit_point_imp_closure.p	Top1_Ch5_8.limit_point_imp_closure	64
Top1_Ch5_8_general_position_extend.p	Top1_Ch5_8.general_position_extend	64
Top1_Ch5_8_finite_union_finite_dim.p	Top1_Ch5_8.finite_union_finite_dim	64
Top1_Ch5_8_dim_le_two_closed_cover.p	Top1_Ch5_8.dim_le_two_closed_cover	64
Top1_Ch5_8_compact_in_open_eps_gap.p	Top1_Ch5_8.compact_in_open_eps_gap	64
Top1_Ch5_8_cc_topology_is_topology.p	Top1_Ch5_8.cc_topology_is_topology	64
Top1_Ch5_8_affine_scale_continuous.p	Top1_Ch5_8.affine_scale_continuous	64
Top1_Ch5_8_Theorem_50_2_finite_dim.p	Top1_Ch5_8.Theorem_50_2_finite_dim	64
Top1_Ch5_8_Rpow_sq_metric_triangle.p	Top1_Ch5_8.Rpow_sq_metric_triangle	64
Top1_Ch5_8_RN_shifted_cube_sc_diam.p	Top1_Ch5_8.RN_shifted_cube_sc_diam	64
Top1_Ch5_8_RN_grid_family_disjoint.p	Top1_Ch5_8.RN_grid_family_disjoint	64
Top1_Ch5_8_RN_grid_covering_covers.p	Top1_Ch5_8.RN_grid_covering_covers	64
Top1_Ch4_wellorder_open_refine_Ioc.p	Top1_Ch4.wellorder_open_refine_Ioc	64
Top1_Ch4_top1_urysohn_U_pow2_scale.p	Top1_Ch4.top1_urysohn_U_pow2_scale	64
Top1_Ch4_top1_continuous_diff_real.p	Top1_Ch4.top1_continuous_diff_real	64
Top1_Ch4_top1_Rpow_is_hausdorff_on.p	Top1_Ch4.top1_Rpow_is_hausdorff_on	64
Top1_Ch4_fold_fun_update_notin_fst.p	Top1_Ch4.fold_fun_update_notin_fst	64
Top1_Ch3_top1_summable_ternary_sum.p	Top1_Ch3.top1_summable_ternary_sum	64
Top1_Ch3_top1_continuous_map_on_id.p	Top1_Ch3.top1_continuous_map_on_id	64
Top1_Ch2_top1_quotient_map_on_cong.p	Top1_Ch2.top1_quotient_map_on_cong	64
Top1_Ch2_top1_quotient_map_on_comp.p	Top1_Ch2.top1_quotient_map_on_comp	64
Top1_Ch2_order_topology_on_UNIV_eq.p	Top1_Ch2.order_topology_on_UNIV_eq	64
Top1_Ch2_neighborhood_of_to_strict.p	Top1_Ch2.neighborhood_of_to_strict	64
Top1_Ch2_metric_topology_is_strict.p	Top1_Ch2.metric_topology_is_strict	64
Top1_Ch2_is_topology_on_strict_imp.p	Top1_Ch2.is_topology_on_strict_imp	64
Top1_Ch2_is_topology_on_strict_Pow.p	Top1_Ch2.is_topology_on_strict_Pow	64
Top1_Ch2_closure_on_subset_carrier.p	Top1_Ch2.closure_on_subset_carrier	64
Top1_Ch9_13_top1_is_loop_on_start.p	Top1_Ch9_13.top1_is_loop_on_start	64
Top1_Ch9_13_closedin_II_rectangle.p	Top1_Ch9_13.closedin_II_rectangle	64
Top1_Ch9_13_Theorem_52_4_identity.p	Top1_Ch9_13.Theorem_52_4_identity	64
Top1_Ch9_13_Lemma_54_1_uniqueness.p	Top1_Ch9_13.Lemma_54_1_uniqueness	64
Top1_Ch5_8_top1_closure_on_union2.p	Top1_Ch5_8.top1_closure_on_union2	64
Top1_Ch5_8_subspace_topology_self.p	Top1_Ch5_8.subspace_topology_self	64
Top1_Ch5_8_munkres_basis_property.p	Top1_Ch5_8.munkres_basis_property	64
Top1_Ch5_8_metrizable_imp_regular.p	Top1_Ch5_8.metrizable_imp_regular	64
Top1_Ch5_8_interval_eps_ball_open.p	Top1_Ch5_8.interval_eps_ball_open	64
Top1_Ch5_8_hilbert_rec_continuous.p	Top1_Ch5_8.hilbert_rec_continuous	64
Top1_Ch5_8_hilbert_boundary_match.p	Top1_Ch5_8.hilbert_boundary_match	64
Top1_Ch5_8_finite_cover_enumerate.p	Top1_Ch5_8.finite_cover_enumerate	64
Top1_Ch5_8_equicont_from_tb_cover.p	Top1_Ch5_8.equicont_from_tb_cover	64
Top1_Ch5_8_dist_to_set_continuous.p	Top1_Ch5_8.dist_to_set_continuous	64
Top1_Ch5_8_dense_in_compact_image.p	Top1_Ch5_8.dense_in_compact_image	64
Top1_Ch5_8_compact_product_strict.p	Top1_Ch5_8.compact_product_strict	64
Top1_Ch5_8_compact_finite_product.p	Top1_Ch5_8.compact_finite_product	64
Top1_Ch5_8_closure_on_sub_carrier.p	Top1_Ch5_8.closure_on_sub_carrier	64
Top1_Ch5_8_closure_on_is_closedin.p	Top1_Ch5_8.closure_on_is_closedin	64
Top1_Ch5_8_closure_equicontinuous.p	Top1_Ch5_8.closure_equicontinuous	64
Top1_Ch5_8_closed_subset_complete.p	Top1_Ch5_8.closed_subset_complete	64
Top1_Ch5_8_cc_open_basis_at_point.p	Top1_Ch5_8.cc_open_basis_at_point	64
Top1_Ch5_8_cc_basis_refine_single.p	Top1_Ch5_8.cc_basis_refine_single	64
Top1_Ch5_8_Rpow_hyperplane_closed.p	Top1_Ch5_8.Rpow_hyperplane_closed	64
Top1_Ch5_8_RN_unit_covering_order.p	Top1_Ch5_8.RN_unit_covering_order	64
Top1_Ch5_8_RN_shifted_cube_eq_iff.p	Top1_Ch5_8.RN_shifted_cube_eq_iff	64
Top1_Ch5_8_RN_shifted_cube_eq_PiE.p	Top1_Ch5_8.RN_shifted_cube_eq_PiE	64
Top1_Ch5_8_RN_grid_covering_order.p	Top1_Ch5_8.RN_grid_covering_order	64
Top1_Ch5_8_Lemma_50_4_indexed_ind.p	Top1_Ch5_8.Lemma_50_4_indexed_ind	64
Top1_Ch4_top1_urysohn_U_endpoints_1.p	Top1_Ch4.top1_urysohn_U_endpoints_1	64
Top1_Ch4_top1_urysohn_U_endpoints_2.p	Top1_Ch4.top1_urysohn_U_endpoints_2	64
Top1_Ch4_top1_continuous_mul_real.p	Top1_Ch4.top1_continuous_mul_real	64
Top1_Ch4_top1_continuous_add_real.p	Top1_Ch4.top1_continuous_add_real	64
Top1_Ch4_top1_Rpow_is_topology_on.p	Top1_Ch4.top1_Rpow_is_topology_on	64
Top1_Ch4_regular_imp_hausdorff_on.p	Top1_Ch4.regular_imp_hausdorff_on	64
Top1_Ch3_top1_ternary_sum_le_half.p	Top1_Ch3.top1_ternary_sum_le_half	64
Top1_Ch3_top1_interval_encode_inj.p	Top1_Ch3.top1_interval_encode_inj	64
Top1_Ch3_top1_diameter_on_pair_le.p	Top1_Ch3.top1_diameter_on_pair_le	64
Top1_Ch3_compact_strict_cover_sub.p	Top1_Ch3.compact_strict_cover_sub	64
Top1_Ch2_top1_product_cylinder_eq.p	Top1_Ch2.top1_product_cylinder_eq	64
Top1_Ch2_strict_union_sub_carrier.p	Top1_Ch2.strict_union_sub_carrier	64
Top1_Ch2_strict_inter_sub_carrier.p	Top1_Ch2.strict_inter_sub_carrier	64
Top1_Ch2_seq_converges_limit_in_X.p	Top1_Ch2.seq_converges_limit_in_X	64
Top1_Ch2_seq_converges_eventually.p	Top1_Ch2.seq_converges_eventually	64
Top1_Ch2_product_coarser_than_box.p	Top1_Ch2.product_coarser_than_box	64
Top1_Ch2_dist_to_set_zero_iff_eps.p	Top1_Ch2.dist_to_set_zero_iff_eps	64
Top1_Ch2_basis_for_is_topology_on.p	Top1_Ch2.basis_for_is_topology_on	64
Top1_Ch9_13_Theorem_55_6_brouwer.p	Top1_Ch9_13.Theorem_55_6_brouwer	64
Top1_Ch5_8_tychonoff_coord_point.p	Top1_Ch5_8.tychonoff_coord_point	64
Top1_Ch5_8_top1_nbhd_of_set_open.p	Top1_Ch5_8.top1_nbhd_of_set_open	64
Top1_Ch5_8_top1_dim_le_on_mono_m.p	Top1_Ch5_8.top1_dim_le_on_mono_m	64
Top1_Ch5_8_top1_dim_le_on_dim_on.p	Top1_Ch5_8.top1_dim_le_on_dim_on	64
Top1_Ch5_8_top1_closure_on_empty.p	Top1_Ch5_8.top1_closure_on_empty	64
Top1_Ch5_8_top1_U49_dense_approx.p	Top1_Ch5_8.top1_U49_dense_approx	64
Top1_Ch5_8_pointwise_d_imp_bm_le.p	Top1_Ch5_8.pointwise_d_imp_bm_le	64
Top1_Ch5_8_metrizable_imp_strict.p	Top1_Ch5_8.metrizable_imp_strict	64
Top1_Ch5_8_lebesgue_number_lemma.p	Top1_Ch5_8.lebesgue_number_lemma	64
Top1_Ch5_8_geom_cauchy_lim_bound.p	Top1_Ch5_8.geom_cauchy_lim_bound	64
Top1_Ch5_8_geom_cauchy_converges.p	Top1_Ch5_8.geom_cauchy_converges	64
Top1_Ch5_8_geom_cauchy_bound_aux.p	Top1_Ch5_8.geom_cauchy_bound_aux	64
Top1_Ch5_8_finite_subset_compact.p	Top1_Ch5_8.finite_subset_compact	64
Top1_Ch5_8_equicontinuous_subset.p	Top1_Ch5_8.equicontinuous_subset	64
Top1_Ch5_8_dist_to_set_lipschitz.p	Top1_Ch5_8.dist_to_set_lipschitz	64
Top1_Ch5_8_cc_eq_uniform_compact.p	Top1_Ch5_8.cc_eq_uniform_compact	64
Top1_Ch5_8_Rpow_sq_metric_nonneg.p	Top1_Ch5_8.Rpow_sq_metric_nonneg	64
Top1_Ch4_top1_countable_nat_prod.p	Top1_Ch4.top1_countable_nat_prod	64
Top1_Ch3_top1_is_path_on_reverse.p	Top1_Ch3.top1_is_path_on_reverse	64
Top1_Ch3_compact_subspace_strict.p	Top1_Ch3.compact_subspace_strict	64
Top1_Ch3_compact_finite_subcover.p	Top1_Ch3.compact_finite_subcover	64
Top1_Ch2_subspace_topology_trans.p	Top1_Ch2.subspace_topology_trans	64
Top1_Ch2_limit_point_strict_nbhd.p	Top1_Ch2.limit_point_strict_nbhd	64
Top1_Ch9_13_top1_slh_ext_agrees.p	Top1_Ch9_13.top1_slh_ext_agrees	64
Top1_Ch9_13_top1_is_loop_on_end.p	Top1_Ch9_13.top1_is_loop_on_end	64
Top1_Ch9_13_Theorem_56_1_step_3.p	Top1_Ch9_13.Theorem_56_1_step_3	64
Top1_Ch9_13_Theorem_56_1_step_2.p	Top1_Ch9_13.Theorem_56_1_step_2	64
Top1_Ch9_13_Theorem_56_1_step_1.p	Top1_Ch9_13.Theorem_56_1_step_1	64
Top1_Ch9_13_Lemma_55_3_backward.p	Top1_Ch9_13.Lemma_55_3_backward	64
Top1_Ch5_8_top1_rho49_is_metric.p	Top1_Ch5_8.top1_rho49_is_metric	64
Top1_Ch5_8_top1_rho49_bdd_above.p	Top1_Ch5_8.top1_rho49_bdd_above	64
Top1_Ch5_8_top1_nbhd_of_set_sub.p	Top1_Ch5_8.top1_nbhd_of_set_sub	64
Top1_Ch5_8_top1_lebesgue_number.p	Top1_Ch5_8.top1_lebesgue_number	64
Top1_Ch5_8_top1_Inter_U49_dense.p	Top1_Ch5_8.top1_Inter_U49_dense	64
Top1_Ch5_8_sfa_rec_dense_strict.p	Top1_Ch5_8.sfa_rec_dense_strict	64
Top1_Ch5_8_net_limit_in_closure.p	Top1_Ch5_8.net_limit_in_closure	64
Top1_Ch5_8_metrizable_openin_on.p	Top1_Ch5_8.metrizable_openin_on	64
Top1_Ch5_8_inv_into_preimage_eq.p	Top1_Ch5_8.inv_into_preimage_eq	64
Top1_Ch5_8_dense_in_own_closure.p	Top1_Ch5_8.dense_in_own_closure	64
Top1_Ch5_8_compact_imp_complete.p	Top1_Ch5_8.compact_imp_complete	64
Top1_Ch5_8_closedin_on_subspace.p	Top1_Ch5_8.closedin_on_subspace	64
Top1_Ch5_8_cc_basis_self_member.p	Top1_Ch5_8.cc_basis_self_member	64
Top1_Ch5_8_RN_grid_cube_sc_open.p	Top1_Ch5_8.RN_grid_cube_sc_open	64
Top1_Ch4_wellorder_min_lt_if_ne.p	Top1_Ch4.wellorder_min_lt_if_ne	64
Top1_Ch4_wellorder_Least_le_all.p	Top1_Ch4.wellorder_Least_le_all	64
Top1_Ch4_top1_tietze_tail_bound.p	Top1_Ch4.top1_tietze_tail_bound	64
Top1_Ch4_top1_dyadic_pow2_scale.p	Top1_Ch4.top1_dyadic_pow2_scale	64
Top1_Ch3_top1_is_path_on_append.p	Top1_Ch3.top1_is_path_on_append	64
Top1_Ch2_top1_bounded_metric_on.p	Top1_Ch2.top1_bounded_metric_on	64
Top1_Ch2_is_topology_on_strictI.p	Top1_Ch2.is_topology_on_strictI	64
Top1_Ch2_continuous_map_maps_to.p	Top1_Ch2.continuous_map_maps_to	64
Top1_Ch9_13_top1_S1_arcs_cover.p	Top1_Ch9_13.top1_S1_arcs_cover	64
Top1_Ch5_8_top1_rho49_zero_iff.p	Top1_Ch5_8.top1_rho49_zero_iff	64
Top1_Ch5_8_top1_rho49_triangle.p	Top1_Ch5_8.top1_rho49_triangle	64
Top1_Ch5_8_top1_U49_subset_C01.p	Top1_Ch5_8.top1_U49_subset_C01	64
Top1_Ch5_8_subseq_converges_to.p	Top1_Ch5_8.subseq_converges_to	64
Top1_Ch5_8_metric_seq_limit_eq.p	Top1_Ch5_8.metric_seq_limit_eq	64
Top1_Ch5_8_metric_seq_conv_iff.p	Top1_Ch5_8.metric_seq_conv_iff	64
Top1_Ch5_8_metric_satisfies_T1.p	Top1_Ch5_8.metric_satisfies_T1	64
Top1_Ch5_8_hilbert_entry_range.p	Top1_Ch5_8.hilbert_entry_range	64
Top1_Ch5_8_floor_nat_plus_frac.p	Top1_Ch5_8.floor_nat_plus_frac	64
Top1_Ch5_8_cont_at_metric_nbhd.p	Top1_Ch5_8.cont_at_metric_nbhd	64
Top1_Ch5_8_Theorem_50_2_dim_le.p	Top1_Ch5_8.Theorem_50_2_dim_le	64
Top1_Ch5_8_Theorem_45_1_strict.p	Top1_Ch5_8.Theorem_45_1_strict	64
Top1_Ch5_8_Theorem_37_3_strict.p	Top1_Ch5_8.Theorem_37_3_strict	64
Top1_Ch5_8_Theorem_28_2_strict.p	Top1_Ch5_8.Theorem_28_2_strict	64
Top1_Ch4_top1_countable_subset.p	Top1_Ch4.top1_countable_subset	64
Top1_Ch4_normal_imp_regular_on.p	Top1_Ch4.normal_imp_regular_on	64
Top1_Ch4_abs_diff_le_of_bounds.p	Top1_Ch4.abs_diff_le_of_bounds	64
Top1_Ch4_Theorem_33_2_subspace.p	Top1_Ch4.Theorem_33_2_subspace	64
Top1_Ch3_top1_ternary_sum_ge_0.p	Top1_Ch3.top1_ternary_sum_ge_0	64
Top1_Ch3_top1_nested_subset_le.p	Top1_Ch3.top1_nested_subset_le	64
Top1_Ch2_top1_metric_self_zero.p	Top1_Ch2.top1_metric_self_zero	64
Top1_Ch2_metrizable_imp_strict.p	Top1_Ch2.metrizable_imp_strict	64
Top1_Ch2_hausdorff_is_topology.p	Top1_Ch2.hausdorff_is_topology	64
Top1_Ch2_closedin_Union_finite.p	Top1_Ch2.closedin_Union_finite	64
Top1_Ch9_13_top1_retract_self.p	Top1_Ch9_13.top1_retract_self	64
Top1_Ch9_13_psi_continuous_S1.p	Top1_Ch9_13.psi_continuous_S1	64
Top1_Ch5_8_top1_PiE_const_val.p	Top1_Ch5_8.top1_PiE_const_val	64
Top1_Ch5_8_pw_sub_cc_topology.p	Top1_Ch5_8.pw_sub_cc_topology	64
Top1_Ch5_8_metric_on_triangle.p	Top1_Ch5_8.metric_on_triangle	64
Top1_Ch5_8_hilbert_rec_cauchy.p	Top1_Ch5_8.hilbert_rec_cauchy	64
Top1_Ch5_8_hilbert_quad_range.p	Top1_Ch5_8.hilbert_quad_range	64
Top1_Ch5_8_hilbert_exit_range.p	Top1_Ch5_8.hilbert_exit_range	64
Top1_Ch5_8_hausdorff_subspace.p	Top1_Ch5_8.hausdorff_subspace	64
Top1_Ch5_8_geom_cauchy_Cauchy.p	Top1_Ch5_8.geom_cauchy_Cauchy	64
Top1_Ch5_8_Theorem_50_2_step1.p	Top1_Ch5_8.Theorem_50_2_step1	64
Top1_Ch5_8_Rpow_sq_metric_sym.p	Top1_Ch5_8.Rpow_sq_metric_sym	64
Top1_Ch5_8_Rpow_sq_metric_sep.p	Top1_Ch5_8.Rpow_sq_metric_sep	64
Top1_Ch5_8_Lemma_50_4_indexed.p	Top1_Ch5_8.Lemma_50_4_indexed	64
Top1_Ch4_top1_countable_lists.p	Top1_Ch4.top1_countable_lists	64
Top1_Ch4_top1_countable_image.p	Top1_Ch4.top1_countable_image	64
Top1_Ch4_top1_countable_SIGMA.p	Top1_Ch4.top1_countable_SIGMA	64
Top1_Ch4_Theorem_34_3_forward.p	Top1_Ch4.Theorem_34_3_forward	64
Top1_Ch4_Theorem_33_2_product.p	Top1_Ch4.Theorem_33_2_product	64
Top1_Ch3_top1_ternary_sum_inj.p	Top1_Ch3.top1_ternary_sum_inj	64
Top1_Ch3_connected_iff_clopen.p	Top1_Ch3.connected_iff_clopen	64
Top1_Ch2_top1_metric_zero_iff.p	Top1_Ch2.top1_metric_zero_iff	64
Top1_Ch2_top1_metric_triangle.p	Top1_Ch2.top1_metric_triangle	64
Top1_Ch2_openin_on_sub_strict.p	Top1_Ch2.openin_on_sub_strict	64
Top1_Ch2_hausdorff_separation.p	Top1_Ch2.hausdorff_separation	64
Top1_Ch2_finer_than_on_strict.p	Top1_Ch2.finer_than_on_strict	64
Top1_Ch2_Theorem_21_3_forward.p	Top1_Ch2.Theorem_21_3_forward	64
Top1_Ch2_Theorem_19_5_product.p	Top1_Ch2.Theorem_19_5_product	64
Top1_Ch2_Theorem_19_4_product.p	Top1_Ch2.Theorem_19_4_product	64
Top1_Ch2_Theorem_19_3_product.p	Top1_Ch2.Theorem_19_3_product	64
Top1_Ch2_Theorem_19_2_product.p	Top1_Ch2.Theorem_19_2_product	64
Top1_Ch2_Theorem_17_5a_strict.p	Top1_Ch2.Theorem_17_5a_strict	64
Top1_Ch9_13_top1_B2_cont_snd.p	Top1_Ch9_13.top1_B2_cont_snd	64
Top1_Ch9_13_top1_B2_cont_fst.p	Top1_Ch9_13.top1_B2_cont_fst	64
Top1_Ch9_13_Theorem_56_1_FTA.p	Top1_Ch9_13.Theorem_56_1_FTA	64
Top1_Ch9_13_Theorem_54_5_iso.p	Top1_Ch9_13.Theorem_54_5_iso	64
Top1_Ch9_13_Theorem_52_1_iso.p	Top1_Ch9_13.Theorem_52_1_iso	64
Top1_Ch5_8_top1_rho49_nonneg.p	Top1_Ch5_8.top1_rho49_nonneg	64
Top1_Ch5_8_top1_I01_nonempty.p	Top1_Ch5_8.top1_I01_nonempty	64
Top1_Ch5_8_top1_C01_nonempty.p	Top1_Ch5_8.top1_C01_nonempty	64
Top1_Ch5_8_top1_C01_complete.p	Top1_Ch5_8.top1_C01_complete	64
Top1_Ch5_8_indexed_shrinking.p	Top1_Ch5_8.indexed_shrinking	64
Top1_Ch5_8_hilbert_rec_range.p	Top1_Ch5_8.hilbert_rec_range	64
Top1_Ch5_8_hilbert_rec_dense.p	Top1_Ch5_8.hilbert_rec_dense	64
Top1_Ch5_8_hausdorff_product.p	Top1_Ch5_8.hausdorff_product	64
Top1_Ch5_8_geom_cauchy_bound.p	Top1_Ch5_8.geom_cauchy_bound	64
Top1_Ch5_8_fin_inter_open_on.p	Top1_Ch5_8.fin_inter_open_on	64
Top1_Ch5_8_convergent_lim_le.p	Top1_Ch5_8.convergent_lim_le	64
Top1_Ch5_8_convergent_lim_ge.p	Top1_Ch5_8.convergent_lim_ge	64
Top1_Ch5_8_cc_basis_is_basis.p	Top1_Ch5_8.cc_basis_is_basis	64
Top1_Ch5_8_Tychonoff_general.p	Top1_Ch5_8.Tychonoff_general	64
Top1_Ch5_8_RN_grid_cube_open.p	Top1_Ch5_8.RN_grid_cube_open	64
Top1_Ch5_8_RN_grid_cube_diam.p	Top1_Ch5_8.RN_grid_cube_diam	64
Top1_Ch4_top1_urysohn_U_even.p	Top1_Ch4.top1_urysohn_U_even	64
Top1_Ch4_hausdorff_imp_T1_on.p	Top1_Ch4.hausdorff_imp_T1_on	64
Top1_Ch4_Theorem_35_1_strict.p	Top1_Ch4.Theorem_35_1_strict	64
Top1_Ch4_Theorem_33_1_strict.p	Top1_Ch4.Theorem_33_1_strict	64
Top1_Ch4_Theorem_32_1_strict.p	Top1_Ch4.Theorem_32_1_strict	64
Top1_Ch4_Theorem_30_3_strict.p	Top1_Ch4.Theorem_30_3_strict	64
Top1_Ch3_compact_is_topology.p	Top1_Ch3.compact_is_topology	64
Top1_Ch3_Theorem_26_5_strict.p	Top1_Ch3.Theorem_26_5_strict	64
Top1_Ch3_Theorem_26_3_strict.p	Top1_Ch3.Theorem_26_3_strict	64
Top1_Ch3_Theorem_26_2_strict.p	Top1_Ch3.Theorem_26_2_strict	64
Top1_Ch3_Theorem_23_4_strict.p	Top1_Ch3.Theorem_23_4_strict	64
Top1_Ch3_Theorem_23_3_strict.p	Top1_Ch3.Theorem_23_3_strict	64
Top1_Ch3_Lemma_23_2_disjoint.p	Top1_Ch3.Lemma_23_2_disjoint	64
Top1_Ch2_top1_continuous_pi2.p	Top1_Ch2.top1_continuous_pi2	64
Top1_Ch2_top1_continuous_pi1.p	Top1_Ch2.top1_continuous_pi1	64
Top1_Ch2_Theorem_19_1_strict.p	Top1_Ch2.Theorem_19_1_strict	64
Top1_Ch2_Theorem_18_1_strict.p	Top1_Ch2.Theorem_18_1_strict	64
Top1_Ch2_Theorem_17_1_strict.p	Top1_Ch2.Theorem_17_1_strict	64
Top1_Ch2_Lemma_21_2_sequence.p	Top1_Ch2.Lemma_21_2_sequence	64
Top1_Ch9_13_loop_agree_on_I.p	Top1_Ch9_13.loop_agree_on_I	64
Top1_Ch5_8_top1_I01_compact.p	Top1_Ch5_8.top1_I01_compact	64
Top1_Ch5_8_sfa_n_eq_hilbert.p	Top1_Ch5_8.sfa_n_eq_hilbert	64
Top1_Ch5_8_sfa_n_continuous.p	Top1_Ch5_8.sfa_n_continuous	64
Top1_Ch5_8_nat_directed_set.p	Top1_Ch5_8.nat_directed_set	64
Top1_Ch5_8_metric_triangle4.p	Top1_Ch5_8.metric_triangle4	64
Top1_Ch5_8_metric_on_subset.p	Top1_Ch5_8.metric_on_subset	64
Top1_Ch5_8_hilbert_rec_at_1.p	Top1_Ch5_8.hilbert_rec_at_1	64
Top1_Ch5_8_hilbert_rec_at_0.p	Top1_Ch5_8.hilbert_rec_at_0	64
Top1_Ch5_8_gp_singleton_set.p	Top1_Ch5_8.gp_singleton_set	64
Top1_Ch5_8_expansion_E_open.p	Top1_Ch5_8.expansion_E_open	64
Top1_Ch5_8_clamp01_id_early.p	Top1_Ch5_8.clamp01_id_early	64
Top1_Ch5_8_Lemma_40_1_step3.p	Top1_Ch5_8.Lemma_40_1_step3	64
Top1_Ch5_8_Lemma_40_1_step2.p	Top1_Ch5_8.Lemma_40_1_step2	64
Top1_Ch5_8_Lemma_40_1_step1.p	Top1_Ch5_8.Lemma_40_1_step1	64
Top1_Ch4_top1_pair_code_inj.p	Top1_Ch4.top1_pair_code_inj	64
Top1_Ch4_top1_list_code_inj.p	Top1_Ch4.top1_list_code_inj	64
Top1_Ch4_exists_pow2_inv_lt.p	Top1_Ch4.exists_pow2_inv_lt	64
Top1_Ch3_closure_on_carrier.p	Top1_Ch3.closure_on_carrier	64
Top1_Ch2_top1_metric_nonneg.p	Top1_Ch2.top1_metric_nonneg	64
Top1_Ch2_dist_to_set_nonneg.p	Top1_Ch2.dist_to_set_nonneg	64
Top1_Ch2_continuous_map_onI.p	Top1_Ch2.continuous_map_onI	64
Top1_Ch2_closure_meets_open.p	Top1_Ch2.closure_meets_open	64
Top1_Ch2_closedin_diff_open.p	Top1_Ch2.closedin_diff_open	64
Top1_Ch9_13_top1_B2_convex.p	Top1_Ch9_13.top1_B2_convex	64
Top1_Ch5_8_top1_rho49_self.p	Top1_Ch5_8.top1_rho49_self	64
Top1_Ch5_8_top1_I01_eq_Icc.p	Top1_Ch5_8.top1_I01_eq_Icc	64
Top1_Ch5_8_seq_conv_rename.p	Top1_Ch5_8.seq_conv_rename	64
Top1_Ch4_top1_tietze_step1.p	Top1_Ch4.top1_tietze_step1	64
Top1_Ch4_top1_Rpow_set_ext.p	Top1_Ch4.top1_Rpow_set_ext	64
Top1_Ch4_normal_separation.p	Top1_Ch4.normal_separation	64
Top1_Ch3_Lemma_23_1_proper.p	Top1_Ch3.Lemma_23_1_proper	64
Top1_Ch2_subset_closure_on.p	Top1_Ch2.subset_closure_on	64
Top1_Ch2_product_rect_open.p	Top1_Ch2.product_rect_open	64
Top1_Ch2_finer_than_on_imp.p	Top1_Ch2.finer_than_on_imp	64
Top1_Ch2_closure_on_closed.p	Top1_Ch2.closure_on_closed	64
Top1_Ch5_8_tri_arg_metric.p	Top1_Ch5_8.tri_arg_metric	64
Top1_Ch5_8_top1_rho49_sym.p	Top1_Ch5_8.top1_rho49_sym	64
Top1_Ch5_8_top1_U49_dense.p	Top1_Ch5_8.top1_U49_dense	64
Top1_Ch5_8_top1_C01_baire.p	Top1_Ch5_8.top1_C01_baire	64
Top1_Ch5_8_sfa_rec_cauchy.p	Top1_Ch5_8.sfa_rec_cauchy	64
Top1_Ch5_8_mem_of_elem_eq.p	Top1_Ch5_8.mem_of_elem_eq	4
Top1_Ch5_8_closedin_on_Un.p	Top1_Ch5_8.closedin_on_Un	64
Top1_Ch5_8_Corollary_50_9.p	Top1_Ch5_8.Corollary_50_9	64
Top1_Ch5_8_Corollary_50_8.p	Top1_Ch5_8.Corollary_50_8	64
Top1_Ch5_8_Corollary_50_7.p	Top1_Ch5_8.Corollary_50_7	64
Top1_Ch5_8_Corollary_50_3.p	Top1_Ch5_8.Corollary_50_3	64
Top1_Ch5_8_Corollary_46_9_1.p	Top1_Ch5_8.Corollary_46_9_1	64
Top1_Ch5_8_Corollary_46_9_2.p	Top1_Ch5_8.Corollary_46_9_2	64
Top1_Ch5_8_Corollary_46_6.p	Top1_Ch5_8.Corollary_46_6	64
Top1_Ch5_8_Corollary_45_5.p	Top1_Ch5_8.Corollary_45_5	64
Top1_Ch3_connected_strict.p	Top1_Ch3.connected_strict	64
Top1_Ch2_top1_PiE_fun_eqI.p	Top1_Ch2.top1_PiE_fun_eqI	64
Top1_Ch2_closedin_carrier.p	Top1_Ch2.closedin_carrier	64
Top1_Ch2_basis_for_refine.p	Top1_Ch2.basis_for_refine	64
Top1_Ch2_Theorem_19_5_box.p	Top1_Ch2.Theorem_19_5_box	64
Top1_Ch2_Theorem_19_4_box.p	Top1_Ch2.Theorem_19_4_box	64
Top1_Ch2_Theorem_19_3_box.p	Top1_Ch2.Theorem_19_3_box	64
Top1_Ch2_Theorem_19_2_box.p	Top1_Ch2.Theorem_19_2_box	64
Top1_Ch9_13_Theorem_54_5.p	Top1_Ch9_13.Theorem_54_5	64
Top1_Ch9_13_Theorem_54_3.p	Top1_Ch9_13.Theorem_54_3	64
Top1_Ch9_13_Theorem_53_3.p	Top1_Ch9_13.Theorem_53_3	64
Top1_Ch9_13_Theorem_53_2.p	Top1_Ch9_13.Theorem_53_2	64
Top1_Ch9_13_Theorem_53_1.p	Top1_Ch9_13.Theorem_53_1	64
Top1_Ch9_13_Theorem_52_1.p	Top1_Ch9_13.Theorem_52_1	64
Top1_Ch5_8_top1_U49_open.p	Top1_Ch5_8.top1_U49_open	64
Top1_Ch5_8_sfa_rec_range.p	Top1_Ch5_8.sfa_rec_range	64
Top1_Ch5_8_sfa_rec_dense.p	Top1_Ch5_8.sfa_rec_dense	64
Top1_Ch5_8_seq_conv_comp.p	Top1_Ch5_8.seq_conv_comp	64
Top1_Ch5_8_metric_on_sym.p	Top1_Ch5_8.metric_on_sym	64
Top1_Ch5_8_mem_of_eq_sym.p	Top1_Ch5_8.mem_of_eq_sym	4
Top1_Ch5_8_clamp01_range.p	Top1_Ch5_8.clamp01_range	64
Top1_Ch5_8_Theorem_46_11_1.p	Top1_Ch5_8.Theorem_46_11_1	64
Top1_Ch5_8_Theorem_46_11_2.p	Top1_Ch5_8.Theorem_46_11_2	64
Top1_Ch5_8_Theorem_46_10.p	Top1_Ch5_8.Theorem_46_10	64
Top1_Ch5_8_Theorem_43_6d.p	Top1_Ch5_8.Theorem_43_6d	64
Top1_Ch5_8_Theorem_43_6c.p	Top1_Ch5_8.Theorem_43_6c	64
Top1_Ch5_8_Theorem_43_6b.p	Top1_Ch5_8.Theorem_43_6b	64
Top1_Ch5_8_Theorem_43_6a.p	Top1_Ch5_8.Theorem_43_6a	64
Top1_Ch2_topology_union2.p	Top1_Ch2.topology_union2	64
Top1_Ch2_topology_inter2.p	Top1_Ch2.topology_inter2	64
Top1_Ch2_top1_min_mono_1.p	Top1_Ch2.top1_min_mono_1	64
Top1_Ch2_top1_min_add_le.p	Top1_Ch2.top1_min_add_le	64
Top1_Ch2_top1_metric_sym.p	Top1_Ch2.top1_metric_sym	64
Top1_Ch2_strict_open_sub.p	Top1_Ch2.strict_open_sub	64
Top1_Ch2_closure_on_mono.p	Top1_Ch2.closure_on_mono	64
Top1_Ch2_closedin_inter2.p	Top1_Ch2.closedin_inter2	64
Top1_Ch5_8_sfa_n_cauchy.p	Top1_Ch5_8.sfa_n_cauchy	64
Top1_Ch5_8_gp_singleton.p	Top1_Ch5_8.gp_singleton	64
Top1_Ch5_8_Theorem_50_6.p	Top1_Ch5_8.Theorem_50_6	64
Top1_Ch5_8_Theorem_50_5.p	Top1_Ch5_8.Theorem_50_5	64
Top1_Ch5_8_Theorem_50_2.p	Top1_Ch5_8.Theorem_50_2	64
Top1_Ch5_8_Theorem_50_1.p	Top1_Ch5_8.Theorem_50_1	64
Top1_Ch5_8_Theorem_49_1.p	Top1_Ch5_8.Theorem_49_1	64
Top1_Ch5_8_Theorem_48_5.p	Top1_Ch5_8.Theorem_48_5	64
Top1_Ch5_8_Theorem_48_2_1.p	Top1_Ch5_8.Theorem_48_2_1	64
Top1_Ch5_8_Theorem_48_2_2.p	Top1_Ch5_8.Theorem_48_2_2	64
Top1_Ch5_8_Theorem_47_1_1.p	Top1_Ch5_8.Theorem_47_1_1	64
Top1_Ch5_8_Theorem_47_1_2.p	Top1_Ch5_8.Theorem_47_1_2	64
Top1_Ch5_8_Theorem_46_8.p	Top1_Ch5_8.Theorem_46_8	64
Top1_Ch5_8_Theorem_46_7.p	Top1_Ch5_8.Theorem_46_7	64
Top1_Ch5_8_Theorem_46_5.p	Top1_Ch5_8.Theorem_46_5	64
Top1_Ch5_8_Theorem_46_2.p	Top1_Ch5_8.Theorem_46_2	64
Top1_Ch5_8_Theorem_46_1.p	Top1_Ch5_8.Theorem_46_1	64
Top1_Ch5_8_Theorem_45_4.p	Top1_Ch5_8.Theorem_45_4	64
Top1_Ch5_8_Theorem_45_1.p	Top1_Ch5_8.Theorem_45_1	64
Top1_Ch5_8_Theorem_44_1.p	Top1_Ch5_8.Theorem_44_1	64
Top1_Ch5_8_Theorem_43_7.p	Top1_Ch5_8.Theorem_43_7	64
Top1_Ch5_8_Theorem_43_5.p	Top1_Ch5_8.Theorem_43_5	64
Top1_Ch5_8_Theorem_43_4.p	Top1_Ch5_8.Theorem_43_4	64
Top1_Ch5_8_Theorem_43_2.p	Top1_Ch5_8.Theorem_43_2	64
Top1_Ch5_8_Theorem_42_1.p	Top1_Ch5_8.Theorem_42_1	64
Top1_Ch5_8_Theorem_41_8.p	Top1_Ch5_8.Theorem_41_8	64
Top1_Ch5_8_Theorem_41_7.p	Top1_Ch5_8.Theorem_41_7	64
Top1_Ch5_8_Theorem_41_5.p	Top1_Ch5_8.Theorem_41_5	64
Top1_Ch5_8_Theorem_41_4.p	Top1_Ch5_8.Theorem_41_4	64
Top1_Ch5_8_Theorem_41_2.p	Top1_Ch5_8.Theorem_41_2	64
Top1_Ch5_8_Theorem_41_1.p	Top1_Ch5_8.Theorem_41_1	64
Top1_Ch5_8_Theorem_40_3.p	Top1_Ch5_8.Theorem_40_3	64
Top1_Ch5_8_Theorem_38_5.p	Top1_Ch5_8.Theorem_38_5	64
Top1_Ch5_8_Theorem_38_4.p	Top1_Ch5_8.Theorem_38_4	64
Top1_Ch5_8_Theorem_38_2.p	Top1_Ch5_8.Theorem_38_2	64
Top1_Ch5_8_Theorem_37_3.p	Top1_Ch5_8.Theorem_37_3	64
Top1_Ch5_8_Theorem_28_2.p	Top1_Ch5_8.Theorem_28_2	64
Top1_Ch3_compact_strict.p	Top1_Ch3.compact_strict	64
Top1_Ch3_Corollary_29_4.p	Top1_Ch3.Corollary_29_4	64
Top1_Ch3_Corollary_29_3_1.p	Top1_Ch3.Corollary_29_3_1	64
Top1_Ch3_Corollary_29_3_2.p	Top1_Ch3.Corollary_29_3_2	64
Top1_Ch3_Corollary_27_8.p	Top1_Ch3.Corollary_27_8	64
Top1_Ch3_Corollary_27_2.p	Top1_Ch3.Corollary_27_2	64
Top1_Ch3_Corollary_24_2_1.p	Top1_Ch3.Corollary_24_2_1	64
Top1_Ch3_Corollary_24_2_2.p	Top1_Ch3.Corollary_24_2_2	64
Top1_Ch3_Corollary_24_2_3.p	Top1_Ch3.Corollary_24_2_3	64
Top1_Ch3_Corollary_24_2_4.p	Top1_Ch3.Corollary_24_2_4	64
Top1_Ch3_Corollary_24_2_5.p	Top1_Ch3.Corollary_24_2_5	64
Top1_Ch3_Corollary_24_2_6.p	Top1_Ch3.Corollary_24_2_6	64
Top1_Ch3_Corollary_24_2_7.p	Top1_Ch3.Corollary_24_2_7	64
Top1_Ch2_closedin_intro.p	Top1_Ch2.closedin_intro	64
Top1_Ch2_closedin_empty.p	Top1_Ch2.closedin_empty	64
Top1_Ch2_closedin_Inter.p	Top1_Ch2.closedin_Inter	64
Top1_Ch2_Lemma_16_4_aux.p	Top1_Ch2.Lemma_16_4_aux	64
Top1_Ch2_Corollary_22_3_1.p	Top1_Ch2.Corollary_22_3_1	64
Top1_Ch2_Corollary_22_3_2.p	Top1_Ch2.Corollary_22_3_2	64
Top1_Ch2_Corollary_17_7.p	Top1_Ch2.Corollary_17_7	64
Top1_Ch5_8_sfa_n_range.p	Top1_Ch5_8.sfa_n_range	64
Top1_Ch5_8_sfa_n_dense.p	Top1_Ch5_8.sfa_n_dense	64
Top1_Ch5_8_finite_Func.p	Top1_Ch5_8.finite_Func	63
Top1_Ch5_8_bm_triangle.p	Top1_Ch5_8.bm_triangle	64
Top1_Ch4_Theorem_30_3b.p	Top1_Ch4.Theorem_30_3b	64
Top1_Ch4_Theorem_30_3a.p	Top1_Ch4.Theorem_30_3a	64
Top1_Ch3_hausdorff_onI.p	Top1_Ch3.hausdorff_onI	64
Top1_Ch2_top1_PiE_mono.p	Top1_Ch2.top1_PiE_mono	64
Top1_Ch2_openin_on_sub.p	Top1_Ch2.openin_on_sub	64
Top1_Ch2_openin_on_mem.p	Top1_Ch2.openin_on_mem	64
Top1_Ch2_diff_Inter_eq.p	Top1_Ch2.diff_Inter_eq	64
Top1_Ch2_Theorem_17_5b.p	Top1_Ch2.Theorem_17_5b	64
Top1_Ch2_Theorem_17_5a.p	Top1_Ch2.Theorem_17_5a	64
Top1_Ch2_Theorem_17_11.p	Top1_Ch2.Theorem_17_11	64
Top1_Ch2_Theorem_17_10.p	Top1_Ch2.Theorem_17_10	64
Top1_Ch2_Lemma_13_3_on.p	Top1_Ch2.Lemma_13_3_on	64
Top1_Ch5_8_clamp01_id.p	Top1_Ch5_8.clamp01_id	64
Top1_Ch5_8_Lemma_50_4.p	Top1_Ch5_8.Lemma_50_4	64
Top1_Ch5_8_Lemma_48_4.p	Top1_Ch5_8.Lemma_48_4	64
Top1_Ch5_8_Lemma_48_3.p	Top1_Ch5_8.Lemma_48_3	64
Top1_Ch5_8_Lemma_48_1.p	Top1_Ch5_8.Lemma_48_1	64
Top1_Ch5_8_Lemma_46_4.p	Top1_Ch5_8.Lemma_46_4	64
Top1_Ch5_8_Lemma_46_3.p	Top1_Ch5_8.Lemma_46_3	64
Top1_Ch5_8_Lemma_45_3.p	Top1_Ch5_8.Lemma_45_3	64
Top1_Ch5_8_Lemma_45_2.p	Top1_Ch5_8.Lemma_45_2	64
Top1_Ch5_8_Lemma_43_3.p	Top1_Ch5_8.Lemma_43_3	64
Top1_Ch5_8_Lemma_43_1.p	Top1_Ch5_8.Lemma_43_1	64
Top1_Ch5_8_Lemma_41_6.p	Top1_Ch5_8.Lemma_41_6	64
Top1_Ch5_8_Lemma_41_3.p	Top1_Ch5_8.Lemma_41_3	64
Top1_Ch5_8_Lemma_40_2.p	Top1_Ch5_8.Lemma_40_2	64
Top1_Ch5_8_Lemma_40_1.p	Top1_Ch5_8.Lemma_40_1	64
Top1_Ch5_8_Lemma_39_2.p	Top1_Ch5_8.Lemma_39_2	64
Top1_Ch5_8_Lemma_39_1_1.p	Top1_Ch5_8.Lemma_39_1_1	64
Top1_Ch5_8_Lemma_39_1_2.p	Top1_Ch5_8.Lemma_39_1_2	64
Top1_Ch5_8_Lemma_39_1_3.p	Top1_Ch5_8.Lemma_39_1_3	64
Top1_Ch5_8_Lemma_38_3.p	Top1_Ch5_8.Lemma_38_3	64
Top1_Ch5_8_Lemma_38_1.p	Top1_Ch5_8.Lemma_38_1	64
Top1_Ch5_8_Lemma_37_2_1.p	Top1_Ch5_8.Lemma_37_2_1	64
Top1_Ch5_8_Lemma_37_2_2.p	Top1_Ch5_8.Lemma_37_2_2	64
Top1_Ch5_8_Lemma_37_1.p	Top1_Ch5_8.Lemma_37_1	64
Top1_Ch4_normal_is_T1.p	Top1_Ch4.normal_is_T1	64
Top1_Ch4_Theorem_36_2.p	Top1_Ch4.Theorem_36_2	64
Top1_Ch4_Theorem_36_1.p	Top1_Ch4.Theorem_36_1	64
Top1_Ch4_Theorem_35_1.p	Top1_Ch4.Theorem_35_1	64
Top1_Ch4_Theorem_34_3.p	Top1_Ch4.Theorem_34_3	64
Top1_Ch4_Theorem_34_2.p	Top1_Ch4.Theorem_34_2	64
Top1_Ch4_Theorem_34_1.p	Top1_Ch4.Theorem_34_1	64
Top1_Ch4_Theorem_33_2_1.p	Top1_Ch4.Theorem_33_2_1	64
Top1_Ch4_Theorem_33_2_2.p	Top1_Ch4.Theorem_33_2_2	64
Top1_Ch4_Theorem_33_1.p	Top1_Ch4.Theorem_33_1	64
Top1_Ch4_Theorem_32_4.p	Top1_Ch4.Theorem_32_4	64
Top1_Ch4_Theorem_32_3.p	Top1_Ch4.Theorem_32_3	64
Top1_Ch4_Theorem_32_2.p	Top1_Ch4.Theorem_32_2	64
Top1_Ch4_Theorem_32_1.p	Top1_Ch4.Theorem_32_1	64
Top1_Ch4_Theorem_31_2_1.p	Top1_Ch4.Theorem_31_2_1	64
Top1_Ch4_Theorem_31_2_2.p	Top1_Ch4.Theorem_31_2_2	64
Top1_Ch4_Theorem_31_2_3.p	Top1_Ch4.Theorem_31_2_3	64
Top1_Ch4_Theorem_31_2_4.p	Top1_Ch4.Theorem_31_2_4	64
Top1_Ch4_Theorem_30_3_1.p	Top1_Ch4.Theorem_30_3_1	64
Top1_Ch4_Theorem_30_3_2.p	Top1_Ch4.Theorem_30_3_2	64
Top1_Ch4_Theorem_30_2_1.p	Top1_Ch4.Theorem_30_2_1	64
Top1_Ch4_Theorem_30_2_2.p	Top1_Ch4.Theorem_30_2_2	64
Top1_Ch4_Theorem_30_2_3.p	Top1_Ch4.Theorem_30_2_3	64
Top1_Ch4_Theorem_30_2_4.p	Top1_Ch4.Theorem_30_2_4	64
Top1_Ch4_Theorem_30_1_1.p	Top1_Ch4.Theorem_30_1_1	64
Top1_Ch4_Theorem_30_1_2.p	Top1_Ch4.Theorem_30_1_2	64
Top1_Ch3_Theorem_29_2.p	Top1_Ch3.Theorem_29_2	64
Top1_Ch3_Theorem_29_1_1.p	Top1_Ch3.Theorem_29_1_1	64
Top1_Ch3_Theorem_29_1_2.p	Top1_Ch3.Theorem_29_1_2	64
Top1_Ch3_Theorem_28_1.p	Top1_Ch3.Theorem_28_1	64
Top1_Ch3_Theorem_27_7.p	Top1_Ch3.Theorem_27_7	64
Top1_Ch3_Theorem_27_6.p	Top1_Ch3.Theorem_27_6	64
Top1_Ch3_Theorem_27_4.p	Top1_Ch3.Theorem_27_4	64
Top1_Ch3_Theorem_27_3.p	Top1_Ch3.Theorem_27_3	64
Top1_Ch3_Theorem_27_1.p	Top1_Ch3.Theorem_27_1	64
Top1_Ch3_Theorem_26_9.p	Top1_Ch3.Theorem_26_9	64
Top1_Ch3_Theorem_26_7.p	Top1_Ch3.Theorem_26_7	64
Top1_Ch3_Theorem_26_6.p	Top1_Ch3.Theorem_26_6	64
Top1_Ch3_Theorem_26_5.p	Top1_Ch3.Theorem_26_5	64
Top1_Ch3_Theorem_26_3.p	Top1_Ch3.Theorem_26_3	64
Top1_Ch3_Theorem_26_2.p	Top1_Ch3.Theorem_26_2	64
Top1_Ch3_Theorem_25_5.p	Top1_Ch3.Theorem_25_5	64
Top1_Ch3_Theorem_25_4.p	Top1_Ch3.Theorem_25_4	64
Top1_Ch3_Theorem_25_3.p	Top1_Ch3.Theorem_25_3	64
Top1_Ch3_Theorem_25_2_1.p	Top1_Ch3.Theorem_25_2_1	64
Top1_Ch3_Theorem_25_2_2.p	Top1_Ch3.Theorem_25_2_2	64
Top1_Ch3_Theorem_25_2_3.p	Top1_Ch3.Theorem_25_2_3	64
Top1_Ch3_Theorem_25_2_4.p	Top1_Ch3.Theorem_25_2_4	64
Top1_Ch3_Theorem_25_1_1.p	Top1_Ch3.Theorem_25_1_1	64
Top1_Ch3_Theorem_25_1_2.p	Top1_Ch3.Theorem_25_1_2	64
Top1_Ch3_Theorem_25_1_3.p	Top1_Ch3.Theorem_25_1_3	64
Top1_Ch3_Theorem_25_1_4.p	Top1_Ch3.Theorem_25_1_4	64
Top1_Ch3_Theorem_24_3.p	Top1_Ch3.Theorem_24_3	64
Top1_Ch3_Theorem_24_1.p	Top1_Ch3.Theorem_24_1	64
Top1_Ch3_Theorem_23_6.p	Top1_Ch3.Theorem_23_6	64
Top1_Ch3_Theorem_23_5.p	Top1_Ch3.Theorem_23_5	64
Top1_Ch3_Theorem_23_4.p	Top1_Ch3.Theorem_23_4	64
Top1_Ch3_Theorem_23_3.p	Top1_Ch3.Theorem_23_3	64
Top1_Ch2_top1_PiE_iff.p	Top1_Ch2.top1_PiE_iff	57
Top1_Ch2_top1_PiE_Int.p	Top1_Ch2.top1_PiE_Int	64
Top1_Ch2_closedin_sub.p	Top1_Ch2.closedin_sub	64
Top1_Ch2_Theorem_22_2.p	Top1_Ch2.Theorem_22_2	60
Top1_Ch2_Theorem_22_1_1.p	Top1_Ch2.Theorem_22_1_1	64
Top1_Ch2_Theorem_22_1_2.p	Top1_Ch2.Theorem_22_1_2	64
Top1_Ch2_Theorem_21_6.p	Top1_Ch2.Theorem_21_6	64
Top1_Ch2_Theorem_21_5_1.p	Top1_Ch2.Theorem_21_5_1	64
Top1_Ch2_Theorem_21_5_2.p	Top1_Ch2.Theorem_21_5_2	64
Top1_Ch2_Theorem_21_5_3.p	Top1_Ch2.Theorem_21_5_3	64
Top1_Ch2_Theorem_21_5_4.p	Top1_Ch2.Theorem_21_5_4	64
Top1_Ch2_Theorem_21_3_1.p	Top1_Ch2.Theorem_21_3_1	64
Top1_Ch2_Theorem_21_3_2.p	Top1_Ch2.Theorem_21_3_2	64
Top1_Ch2_Theorem_21_1.p	Top1_Ch2.Theorem_21_1	64
Top1_Ch2_Theorem_20_5.p	Top1_Ch2.Theorem_20_5	64
Top1_Ch2_Theorem_20_4_1.p	Top1_Ch2.Theorem_20_4_1	64
Top1_Ch2_Theorem_20_4_2.p	Top1_Ch2.Theorem_20_4_2	64
Top1_Ch2_Theorem_20_3_1.p	Top1_Ch2.Theorem_20_3_1	64
Top1_Ch2_Theorem_20_3_2.p	Top1_Ch2.Theorem_20_3_2	64
Top1_Ch2_Theorem_20_1.p	Top1_Ch2.Theorem_20_1	64
Top1_Ch2_Theorem_19_6.p	Top1_Ch2.Theorem_19_6	64
Top1_Ch2_Theorem_19_5_1.p	Top1_Ch2.Theorem_19_5_1	64
Top1_Ch2_Theorem_19_5_2.p	Top1_Ch2.Theorem_19_5_2	64
Top1_Ch2_Theorem_19_4_1.p	Top1_Ch2.Theorem_19_4_1	64
Top1_Ch2_Theorem_19_4_2.p	Top1_Ch2.Theorem_19_4_2	64
Top1_Ch2_Theorem_19_3_1.p	Top1_Ch2.Theorem_19_3_1	64
Top1_Ch2_Theorem_19_3_2.p	Top1_Ch2.Theorem_19_3_2	64
Top1_Ch2_Theorem_19_2_1.p	Top1_Ch2.Theorem_19_2_1	64
Top1_Ch2_Theorem_19_2_2.p	Top1_Ch2.Theorem_19_2_2	64
Top1_Ch2_Theorem_19_1_1.p	Top1_Ch2.Theorem_19_1_1	64
Top1_Ch2_Theorem_19_1_2.p	Top1_Ch2.Theorem_19_1_2	64
Top1_Ch2_Theorem_18_4.p	Top1_Ch2.Theorem_18_4	64
Top1_Ch2_Theorem_18_3.p	Top1_Ch2.Theorem_18_3	64
Top1_Ch2_Theorem_18_2_1.p	Top1_Ch2.Theorem_18_2_1	64
Top1_Ch2_Theorem_18_2_2.p	Top1_Ch2.Theorem_18_2_2	64
Top1_Ch2_Theorem_18_2_3.p	Top1_Ch2.Theorem_18_2_3	64
Top1_Ch2_Theorem_18_2_4.p	Top1_Ch2.Theorem_18_2_4	64
Top1_Ch2_Theorem_18_2_5.p	Top1_Ch2.Theorem_18_2_5	64
Top1_Ch2_Theorem_18_2_6.p	Top1_Ch2.Theorem_18_2_6	64
Top1_Ch2_Theorem_18_2_7.p	Top1_Ch2.Theorem_18_2_7	64
Top1_Ch2_Theorem_18_1_1.p	Top1_Ch2.Theorem_18_1_1	64
Top1_Ch2_Theorem_18_1_2.p	Top1_Ch2.Theorem_18_1_2	64
Top1_Ch2_Theorem_18_1_3.p	Top1_Ch2.Theorem_18_1_3	64
Top1_Ch2_Theorem_17_9.p	Top1_Ch2.Theorem_17_9	64
Top1_Ch2_Theorem_17_8.p	Top1_Ch2.Theorem_17_8	64
Top1_Ch2_Theorem_17_6.p	Top1_Ch2.Theorem_17_6	64
Top1_Ch2_Theorem_17_4.p	Top1_Ch2.Theorem_17_4	64
Top1_Ch2_Theorem_17_3.p	Top1_Ch2.Theorem_17_3	64
Top1_Ch2_Theorem_17_2.p	Top1_Ch2.Theorem_17_2	64
Top1_Ch2_Theorem_17_1.p	Top1_Ch2.Theorem_17_1	64
Top1_Ch2_Theorem_16_4.p	Top1_Ch2.Theorem_16_4	64
Top1_Ch2_Theorem_16_3.p	Top1_Ch2.Theorem_16_3	64
Top1_Ch2_Theorem_15_2.p	Top1_Ch2.Theorem_15_2	64
Top1_Ch2_Theorem_15_1.p	Top1_Ch2.Theorem_15_1	64
Top1_Ch5_8_mem_of_eq.p	Top1_Ch5_8.mem_of_eq	4
Top1_Ch5_8_PiE_inter.p	Top1_Ch5_8.PiE_inter	64
Top1_Ch4_Lemma_31_1b.p	Top1_Ch4.Lemma_31_1b	64
Top1_Ch4_Lemma_31_1a.p	Top1_Ch4.Lemma_31_1a	64
Top1_Ch3_compact_onI.p	Top1_Ch3.compact_onI	64
Top1_Ch4_Lemma_31_1_1.p	Top1_Ch4.Lemma_31_1_1	64
Top1_Ch4_Lemma_31_1_2.p	Top1_Ch4.Lemma_31_1_2	64
Top1_Ch3_Lemma_27_5.p	Top1_Ch3.Lemma_27_5	64
Top1_Ch3_Lemma_26_8.p	Top1_Ch3.Lemma_26_8	64
Top1_Ch3_Lemma_26_4.p	Top1_Ch3.Lemma_26_4	64
Top1_Ch3_Lemma_26_1.p	Top1_Ch3.Lemma_26_1	64
Top1_Ch3_Lemma_23_2.p	Top1_Ch3.Lemma_23_2	64
Top1_Ch3_Lemma_23_1.p	Top1_Ch3.Lemma_23_1	64
Top1_Ch2_Lemma_21_4_1.p	Top1_Ch2.Lemma_21_4_1	64
Top1_Ch2_Lemma_21_4_2.p	Top1_Ch2.Lemma_21_4_2	64
Top1_Ch2_Lemma_21_4_3.p	Top1_Ch2.Lemma_21_4_3	64
Top1_Ch2_Lemma_21_4_4.p	Top1_Ch2.Lemma_21_4_4	64
Top1_Ch2_Lemma_21_2_1.p	Top1_Ch2.Lemma_21_2_1	64
Top1_Ch2_Lemma_21_2_2.p	Top1_Ch2.Lemma_21_2_2	64
Top1_Ch2_Lemma_20_2.p	Top1_Ch2.Lemma_20_2	64
Top1_Ch2_Lemma_16_2.p	Top1_Ch2.Lemma_16_2	64
Top1_Ch2_Lemma_16_1.p	Top1_Ch2.Lemma_16_1	64
Top1_Ch2_Lemma_13_4.p	Top1_Ch2.Lemma_13_4	64
Top1_Ch2_Lemma_13_3.p	Top1_Ch2.Lemma_13_3	64
Top1_Ch2_Lemma_13_2.p	Top1_Ch2.Lemma_13_2	64
Top1_Ch2_Lemma_13_1.p	Top1_Ch2.Lemma_13_1	64
