file	theorem	proof_deps	resolved_deps	missing_deps	oracles	has_skip_proof
GeoTopBase0_geotop_complex_proper_subset_affine_hull_disjoint_rel_interior.p	GeoTopBase0.geotop_complex_proper_subset_affine_hull_disjoint_rel_interior	86	86	0	0	false
GeoTop_Prefix_theta_graph_unbounded_and_exterior_arc_same_pair_component.p	GeoTop_Prefix.theta_graph_unbounded_and_exterior_arc_same_pair_component	28	28	0	0	false
GeoTop_Prefix_geotop_polyhedral_theta_graph_R2_to_S2_three_components.p	GeoTop_Prefix.geotop_polyhedral_theta_graph_R2_to_S2_three_components	12	12	0	0	false
GeoTopBase_top1_continuous_map_on_real_to_normed_subspace_open_sets.p	GeoTopBase.top1_continuous_map_on_real_to_normed_subspace_open_sets	53	53	0	0	false
GeoTopBase0_geotop_affine_hull_proper_subset_disjoint_rel_interior.p	GeoTopBase0.geotop_affine_hull_proper_subset_disjoint_rel_interior	131	131	0	0	false
GeoTopBase_top1_homeomorphism_on_UNIV_R2_obtain_HOL_homeomorphism.p	GeoTopBase.top1_homeomorphism_on_UNIV_R2_obtain_HOL_homeomorphism	23	23	0	0	false
GeoTopBase0_geotop_simplicial_subdivision_from_cell_subdivision.p	GeoTopBase0.geotop_simplicial_subdivision_from_cell_subdivision	56	56	0	0	false
GeoTopBase0_geotop_complex_distinct_simplex_distinct_barycenter.p	GeoTopBase0.geotop_complex_distinct_simplex_distinct_barycenter	44	44	0	0	false
GeoTopBase0_geotop_simplicial_subdivision_imp_cell_subdivision.p	GeoTopBase0.geotop_simplicial_subdivision_imp_cell_subdivision	29	29	0	0	false
GeoTopBase_top1_homeomorphism_on_UNIV_obtain_HOL_homeomorphism.p	GeoTopBase.top1_homeomorphism_on_UNIV_obtain_HOL_homeomorphism	12	12	0	0	false
GeoTopBase_geotop_component_at_UNIV_eq_connected_component_set.p	GeoTopBase.geotop_component_at_UNIV_eq_connected_component_set	31	31	0	0	false
GeoTop_Prefix_geotop_1sphere_has_bounded_unbounded_components.p	GeoTop_Prefix.geotop_1sphere_has_bounded_unbounded_components	85	85	0	0	false
GeoTopBase0_geotop_complex_flag_barycenter_affine_independent.p	GeoTopBase0.geotop_complex_flag_barycenter_affine_independent	205	205	0	0	false
GeoTopBase_top1_homeomorphism_on_geotop_imp_HOL_homeomorphic.p	GeoTopBase.top1_homeomorphism_on_geotop_imp_HOL_homeomorphic	63	63	0	0	false
GeoTopBase_top1_continuous_map_on_UNIV_geo_imp_continuous_on.p	GeoTopBase.top1_continuous_map_on_UNIV_geo_imp_continuous_on	9	9	0	0	false
GeoTopBase_geotop_complex_connected_imp_HOL_vertex_reachable.p	GeoTopBase.geotop_complex_connected_imp_HOL_vertex_reachable	244	244	0	0	false
GeoTopBase_geotop_arc_interior_not_locally_one_sided_segment.p	GeoTopBase.geotop_arc_interior_not_locally_one_sided_segment	312	312	0	0	false
GeoTopBase_geotop_HOL_homeomorphic_imp_top1_homeomorphism_on.p	GeoTopBase.geotop_HOL_homeomorphic_imp_top1_homeomorphism_on	68	68	0	0	false
GeoTop_Prefix_theta_graph_pair_R2_to_S2_frontier_components.p	GeoTop_Prefix.theta_graph_pair_R2_to_S2_frontier_components	48	48	0	0	false
GeoTop_Prefix_S2_simple_closed_curve_component_frontiers_eq_1.p	GeoTop_Prefix.S2_simple_closed_curve_component_frontiers_eq_1	21	21	0	0	false
GeoTop_Prefix_S2_simple_closed_curve_component_frontiers_eq_2.p	GeoTop_Prefix.S2_simple_closed_curve_component_frontiers_eq_2	21	21	0	0	false
GeoTopBase0_geotop_simplicial_polyhedron_eq_cell_polyhedron.p	GeoTopBase0.geotop_simplicial_polyhedron_eq_cell_polyhedron	16	16	0	0	false
GeoTopBase_top1_path_connected_on_geotop_imp_path_connected.p	GeoTopBase.top1_path_connected_on_geotop_imp_path_connected	63	63	0	0	false
GeoTopBase_top1_homeomorphism_on_UNIV_imp_HOL_homeomorphism.p	GeoTopBase.top1_homeomorphism_on_UNIV_imp_HOL_homeomorphism	56	56	0	0	false
GeoTopBase_path_connected_imp_top1_path_connected_on_geotop.p	GeoTopBase.path_connected_imp_top1_path_connected_on_geotop	46	46	0	0	false
GeoTop_Prefix_geotop_two_arcs_R2_to_S2_frontier_components.p	GeoTop_Prefix.geotop_two_arcs_R2_to_S2_frontier_components	96	96	0	0	false
GeoTop_Prefix_geotop_theta_graph_R2_to_S2_three_components.p	GeoTop_Prefix.geotop_theta_graph_R2_to_S2_three_components	106	106	0	0	false
GeoTop_Prefix_geotop_polygon_interior_is_bounded_component.p	GeoTop_Prefix.geotop_polygon_interior_is_bounded_component	139	139	0	0	false
GeoTop_Prefix_S2_simple_closed_curve_component_frontier_eq.p	GeoTop_Prefix.S2_simple_closed_curve_component_frontier_eq	27	27	0	0	false
GeoTopBase0_geotop_complex_polyhedron_point_carrier_unique.p	GeoTopBase0.geotop_complex_polyhedron_point_carrier_unique	18	18	0	0	false
GeoTopBase0_geotop_complex_flags_with_top_in_finite_finite.p	GeoTopBase0.geotop_complex_flags_with_top_in_finite_finite	36	36	0	0	false
GeoTopBase0_geotop_cell_complex_has_simplicial_subdivision.p	GeoTopBase0.geotop_cell_complex_has_simplicial_subdivision	29	29	0	0	false
GeoTopBase_top1_continuous_map_on_geotop_imp_continuous_on.p	GeoTopBase.top1_continuous_map_on_geotop_imp_continuous_on	52	52	0	0	false
GeoTopBase_geotop_continuous_on_imp_top1_continuous_map_on.p	GeoTopBase.geotop_continuous_on_imp_top1_continuous_map_on	60	60	0	0	false
GeoTopBase_geotop_complex_connected_imp_HOL_path_connected.p	GeoTopBase.geotop_complex_connected_imp_HOL_path_connected	94	94	0	0	false
GeoTop_punctured_circle_component_closure_of_deleted_point.p	GeoTop.punctured_circle_component_closure_of_deleted_point	294	294	0	0	false
GeoTop_Prefix_geotop_arc_endpoints_imp_top1_arc_endpoints.p	GeoTop_Prefix.geotop_arc_endpoints_imp_top1_arc_endpoints	70	70	0	0	false
GeoTop_Prefix_S2_simple_closed_curve_component_closure_eq.p	GeoTop_Prefix.S2_simple_closed_curve_component_closure_eq	49	49	0	0	false
GeoTopBase0_geotop_overlay_triangulation_subdivides_right.p	GeoTopBase0.geotop_overlay_triangulation_subdivides_right	11	11	0	0	false
GeoTopBase0_geotop_complex_rel_interior_disjoint_distinct.p	GeoTopBase0.geotop_complex_rel_interior_disjoint_distinct	31	31	0	0	false
GeoTopBase0_geotop_chain_simplex_intersection_common_cell.p	GeoTopBase0.geotop_chain_simplex_intersection_common_cell	48	48	0	0	false
GeoTopBase_connected_open_disjoint_from_line_in_halfplane.p	GeoTopBase.connected_open_disjoint_from_line_in_halfplane	150	150	0	0	false
GeoTopBase0_geotop_overlay_triangulation_subdivides_left.p	GeoTopBase0.geotop_overlay_triangulation_subdivides_left	11	11	0	0	false
GeoTopBase0_geotop_complex_simplex_rel_interior_nonempty.p	GeoTopBase0.geotop_complex_simplex_rel_interior_nonempty	15	15	0	0	false
GeoTopBase0_geotop_chain_simplex_butlast_in_rel_frontier.p	GeoTopBase0.geotop_chain_simplex_butlast_in_rel_frontier	281	281	0	0	false
GeoTopBase_geotop_disjoint_subcomplex_polyhedra_disjoint.p	GeoTopBase.geotop_disjoint_subcomplex_polyhedra_disjoint	29	29	0	0	false
GeoTop_punctured_circle_two_points_homeomorphic_real_cut.p	GeoTop.punctured_circle_two_points_homeomorphic_real_cut	219	219	0	0	false
GeoTop_Prefix_top1_frontier_component_of_geotop_1sphere.p	GeoTop_Prefix.top1_frontier_component_of_geotop_1sphere	63	63	0	0	false
GeoTop_Prefix_theta_graph_complement_has_two_components.p	GeoTop_Prefix.theta_graph_complement_has_two_components	140	140	0	0	false
GeoTop_Prefix_onedim_simplex_with_two_endpoints_eq_hull.p	GeoTop_Prefix.onedim_simplex_with_two_endpoints_eq_hull	161	161	0	0	false
GeoTop_Prefix_is_limit_point_of_UNIV_geotop_iff_islimpt.p	GeoTop_Prefix.is_limit_point_of_UNIV_geotop_iff_islimpt	70	70	0	0	false
GeoTopBase0_geotop_open_star_eq_carrier_contains_vertex.p	GeoTopBase0.geotop_open_star_eq_carrier_contains_vertex	44	44	0	0	false
GeoTopBase0_geotop_complex_simplex_closure_rel_interior.p	GeoTopBase0.geotop_complex_simplex_closure_rel_interior	15	15	0	0	false
GeoTopBase0_geotop_complex_point_in_unique_rel_interior.p	GeoTopBase0.geotop_complex_point_in_unique_rel_interior	13	13	0	0	false
GeoTop_Prefix_geotop_euclidean_topology_UNIV_hausdorff.p	GeoTop_Prefix.geotop_euclidean_topology_UNIV_hausdorff	175	175	0	0	false
GeoTopBase0_geotop_simplicial_complex_imp_cell_complex.p	GeoTopBase0.geotop_simplicial_complex_imp_cell_complex	67	67	0	0	false
GeoTopBase0_geotop_K_carrier_subset_containing_simplex.p	GeoTopBase0.geotop_K_carrier_subset_containing_simplex	17	17	0	0	false
GeoTopBase_top1_path_connected_on_geotop_imp_connected.p	GeoTopBase.top1_path_connected_on_geotop_imp_connected	8	8	0	0	false
GeoTopBase_geotop_broken_lines_glue_disjoint_endpoints.p	GeoTopBase.geotop_broken_lines_glue_disjoint_endpoints	99	99	0	0	false
GeoTopBase_geotop_V_subK_convhullK_is_simplex_vertices.p	GeoTopBase.geotop_V_subK_convhullK_is_simplex_vertices	57	57	0	0	false
GeoTop_closed_segment_radial_projection_preimage_local.p	GeoTop.closed_segment_radial_projection_preimage_local	294	294	0	0	false
GeoTop_Prefix_segment_face_with_endpoint_and_extra_eq.p	GeoTop_Prefix.segment_face_with_endpoint_and_extra_eq	70	70	0	0	false
GeoTop_Prefix_polygon_interior_union_subset_connected.p	GeoTop_Prefix.polygon_interior_union_subset_connected	57	57	0	0	false
GeoTop_Prefix_continuous_on_circle_path_R2_components_1.p	GeoTop_Prefix.continuous_on_circle_path_R2_components_1	22	22	0	0	false
GeoTop_Prefix_continuous_on_circle_path_R2_components_2.p	GeoTop_Prefix.continuous_on_circle_path_R2_components_2	22	22	0	0	false
GeoTopBase0_geotop_overlay_complex_closed_under_faces.p	GeoTopBase0.geotop_overlay_complex_closed_under_faces	24	24	0	0	false
GeoTopBase0_geotop_iterated_Sd_simplex_V_in_K_simplex.p	GeoTopBase0.geotop_iterated_Sd_simplex_V_in_K_simplex	21	21	0	0	false
GeoTopBase0_geotop_cell_flag_barycenters_affine_indep.p	GeoTopBase0.geotop_cell_flag_barycenters_affine_indep	191	191	0	0	false
GeoTopBase_geotop_1dim_vertex_in_1simplex_is_endpoint.p	GeoTopBase.geotop_1dim_vertex_in_1simplex_is_endpoint	71	71	0	0	false
GeoTopBase_broken_line_internal_vertex_card_edges_ge2.p	GeoTopBase.broken_line_internal_vertex_card_edges_ge2	313	313	0	0	false
GeoTopBase_ball_intersect_aff_hull_segment_in_segment.p	GeoTopBase.ball_intersect_aff_hull_segment_in_segment	276	276	0	0	false
GeoTop_real_cut_homeomorphic_component_cover_if_split.p	GeoTop.real_cut_homeomorphic_component_cover_if_split	153	153	0	0	false
GeoTop_Prefix_theta_graph_unique_unbounded_component.p	GeoTop_Prefix.theta_graph_unique_unbounded_component	87	87	0	0	false
GeoTop_Prefix_theta_graph_unbounded_in_pair_exterior.p	GeoTop_Prefix.theta_graph_unbounded_in_pair_exterior	104	104	0	0	false
GeoTop_Prefix_subspace_topology_S2_minus_north_trans.p	GeoTop_Prefix.subspace_topology_S2_minus_north_trans	6	6	0	0	false
GeoTop_Prefix_pair_of_arcs_image_homeomorphic_sphere.p	GeoTop_Prefix.pair_of_arcs_image_homeomorphic_sphere	177	177	0	0	false
GeoTop_Prefix_R2_to_S2_geotop_arc_top1_arc_endpoints.p	GeoTop_Prefix.R2_to_S2_geotop_arc_top1_arc_endpoints	56	56	0	0	false
GeoTopBase0_geotop_overlay_complex_covers_each_right.p	GeoTopBase0.geotop_overlay_complex_covers_each_right	51	51	0	0	false
GeoTopBase0_geotop_order_complex_induced_subdivision.p	GeoTopBase0.geotop_order_complex_induced_subdivision	65	65	0	0	false
GeoTopBase0_geotop_finite_subset_simplex_hull_subset.p	GeoTopBase0.geotop_finite_subset_simplex_hull_subset	15	15	0	0	false
GeoTopBase0_geotop_finite_distinct_lists_over_finite.p	GeoTopBase0.geotop_finite_distinct_lists_over_finite	32	32	0	0	false
GeoTopBase0_geotop_cell_flag_init_barycenters_in_top.p	GeoTopBase0.geotop_cell_flag_init_barycenters_in_top	175	175	0	0	false
GeoTopBase_geotop_simplex_dim_le_1_empty_interior_R2.p	GeoTopBase.geotop_simplex_dim_le_1_empty_interior_R2	174	174	0	0	false
GeoTopBase_geotop_complex_restrict_subset_is_complex.p	GeoTopBase.geotop_complex_restrict_subset_is_complex	52	52	0	0	false
GeoTop_Prefix_theta_arc_in_one_side_of_pair_polygon.p	GeoTop_Prefix.theta_arc_in_one_side_of_pair_polygon	135	135	0	0	false
GeoTop_Prefix_geotop_euclidean_topology_UNIV_strict.p	GeoTop_Prefix.geotop_euclidean_topology_UNIV_strict	26	26	0	0	false
GeoTop_Prefix_compact_polyhedron_imp_finite_complex.p	GeoTop_Prefix.compact_polyhedron_imp_finite_complex	116	116	0	0	false
GeoTopBase0_geotop_overlay_complex_covers_each_left.p	GeoTopBase0.geotop_overlay_complex_covers_each_left	51	51	0	0	false
GeoTopBase0_geotop_iterated_Sd_simplex_in_K_simplex.p	GeoTopBase0.geotop_iterated_Sd_simplex_in_K_simplex	4	4	0	0	false
GeoTopBase0_geotop_complex_polyhedron_point_carrier.p	GeoTopBase0.geotop_complex_polyhedron_point_carrier	274	274	0	0	false
GeoTopBase0_geotop_bary_lin_inj_image_superset_hull.p	GeoTopBase0.geotop_bary_lin_inj_image_superset_hull	64	64	0	0	false
GeoTopBase_simplex_dim_1_homeomorphic_unit_interval.p	GeoTopBase.simplex_dim_1_homeomorphic_unit_interval	164	164	0	0	false
GeoTopBase_geotop_convex_open_broken_line_connected.p	GeoTopBase.geotop_convex_open_broken_line_connected	222	222	0	0	false
GeoTopBase_geotop_ball_avoids_closed_not_containing.p	GeoTopBase.geotop_ball_avoids_closed_not_containing	120	120	0	0	false
GeoTopBase_ball_minus_hyperplane_has_two_components.p	GeoTopBase.ball_minus_hyperplane_has_two_components	238	238	0	0	false
GeoTop_same_component_real_complement_singleton_iff.p	GeoTop.same_component_real_complement_singleton_iff	40	40	0	0	false
GeoTop_finite_components_real_complement_two_points.p	GeoTop.finite_components_real_complement_two_points	299	299	0	0	false
GeoTop_connected_closure_point_meets_sphere_between.p	GeoTop.connected_closure_point_meets_sphere_between	156	156	0	0	false
GeoTop_Prefix_geotop_polygon_exterior_is_component.p	GeoTop_Prefix.geotop_polygon_exterior_is_component	139	139	0	0	false
GeoTop_Prefix_R2_to_S2_image_subset_S2_minus_north.p	GeoTop_Prefix.R2_to_S2_image_subset_S2_minus_north	32	32	0	0	false
GeoTop_Prefix_R2_S2_minus_north_homeomorphism_UNIV.p	GeoTop_Prefix.R2_S2_minus_north_homeomorphism_UNIV	15	15	0	0	false
GeoTopBase0_geotop_subdivision_of_finite_is_finite.p	GeoTopBase0.geotop_subdivision_of_finite_is_finite	92	92	0	0	false
GeoTopBase0_geotop_overlay_complex_is_cell_complex.p	GeoTopBase0.geotop_overlay_complex_is_cell_complex	33	33	0	0	false
GeoTopBase0_geotop_order_complex_polyhedron_supset.p	GeoTopBase0.geotop_order_complex_polyhedron_supset	38	38	0	0	false
GeoTopBase0_geotop_order_complex_polyhedron_subset.p	GeoTopBase0.geotop_order_complex_polyhedron_subset	25	25	0	0	false
GeoTopBase0_geotop_linear_inj_image_preserves_face.p	GeoTopBase0.geotop_linear_inj_image_preserves_face	118	118	0	0	false
GeoTopBase0_geotop_euclidean_topology_eq_open_sets.p	GeoTopBase0.geotop_euclidean_topology_eq_open_sets	70	70	0	0	false
GeoTopBase0_geotop_complex_vertices_eq_0_simplexes.p	GeoTopBase0.geotop_complex_vertices_eq_0_simplexes	102	102	0	0	false
GeoTopBase0_geotop_complex_rel_interior_imp_subset.p	GeoTopBase0.geotop_complex_rel_interior_imp_subset	33	33	0	0	false
GeoTopBase0_geotop_complex_flags_at_simplex_finite.p	GeoTopBase0.geotop_complex_flags_at_simplex_finite	181	181	0	0	false
GeoTopBase0_geotop_cell_barycenter_in_rel_interior.p	GeoTopBase0.geotop_cell_barycenter_in_rel_interior	29	29	0	0	false
GeoTopBase_top1_connected_complement_of_geotop_arc.p	GeoTopBase.top1_connected_complement_of_geotop_arc	48	48	0	0	false
GeoTopBase_path_avoid_hyperplane_constant_sign_pos.p	GeoTopBase.path_avoid_hyperplane_constant_sign_pos	197	197	0	0	false
GeoTopBase_geotop_subdivide_edge_sigma_cap_e_cases.p	GeoTopBase.geotop_subdivide_edge_sigma_cap_e_cases	245	245	0	0	false
GeoTopBase_geotop_inner_diff_inj_on_closed_segment.p	GeoTopBase.geotop_inner_diff_inj_on_closed_segment	324	324	0	0	false
GeoTopBase_geotop_arc_preimage_simplex_is_interval.p	GeoTopBase.geotop_arc_preimage_simplex_is_interval	49	49	0	0	false
GeoTopBase_geotop_AI_finite_ne_is_simplex_vertices.p	GeoTopBase.geotop_AI_finite_ne_is_simplex_vertices	61	61	0	0	false
GeoTop_Prefix_theta_graph_has_unbounded_component.p	GeoTop_Prefix.theta_graph_has_unbounded_component	34	34	0	0	false
GeoTop_Prefix_geotop_polygon_finite_triangulation.p	GeoTop_Prefix.geotop_polygon_finite_triangulation	81	81	0	0	false
GeoTop_Prefix_broken_line_local_simplex_isolation.p	GeoTop_Prefix.broken_line_local_simplex_isolation	80	80	0	0	false
GeoTopBase0_geotop_mesh_iterated_Sd_tends_to_zero.p	GeoTopBase0.geotop_mesh_iterated_Sd_tends_to_zero	251	251	0	0	false
GeoTopBase0_geotop_linear_inj_image_face_preimage.p	GeoTopBase0.geotop_linear_inj_image_face_preimage	123	123	0	0	false
GeoTopBase0_geotop_general_position_imp_aff_indep.p	GeoTopBase0.geotop_general_position_imp_aff_indep	235	235	0	0	false
GeoTopBase0_geotop_complex_proper_subset_dim_less.p	GeoTopBase0.geotop_complex_proper_subset_dim_less	206	206	0	0	false
GeoTopBase0_geotop_complex_chain_barycenter_bound.p	GeoTopBase0.geotop_complex_chain_barycenter_bound	50	50	0	0	false
GeoTopBase0_geotop_K_carrier_self_in_rel_interior.p	GeoTopBase0.geotop_K_carrier_self_in_rel_interior	3	3	0	0	false
GeoTopBase_top1_connected_on_geotop_iff_connected.p	GeoTopBase.top1_connected_on_geotop_iff_connected	14	14	0	0	false
GeoTopBase_geotop_open_ball_broken_line_connected.p	GeoTopBase.geotop_open_ball_broken_line_connected	32	32	0	0	false
GeoTopBase_geotop_inner_diff_image_closed_segment.p	GeoTopBase.geotop_inner_diff_image_closed_segment	375	375	0	0	false
GeoTopBase_geotop_hyperplane_dim_1_R2_normal_form.p	GeoTopBase.geotop_hyperplane_dim_1_R2_normal_form	60	60	0	0	false
GeoTopBase_geotop_homeomorphism_segment_endpoints.p	GeoTopBase.geotop_homeomorphism_segment_endpoints	241	241	0	0	false
GeoTopBase_geotop_complex_subdivide_edge_interior.p	GeoTopBase.geotop_complex_subdivide_edge_interior	111	111	0	0	false
GeoTopBase_geotop_complex_restrict_preserves_1dim.p	GeoTopBase.geotop_complex_restrict_preserves_1dim	25	25	0	0	false
GeoTopBase_geotop_closed_segment_simplex_vertices.p	GeoTopBase.geotop_closed_segment_simplex_vertices	64	64	0	0	false
GeoTopBase_geotop_closed_segment_is_face_endpoint.p	GeoTopBase.geotop_closed_segment_is_face_endpoint	48	48	0	0	false
GeoTopBase_geotop_arc_1simplex_preimage_structure.p	GeoTopBase.geotop_arc_1simplex_preimage_structure	128	128	0	0	false
GeoTopBase_clopen_connected_subspace_eq_component.p	GeoTopBase.clopen_connected_subspace_eq_component	53	53	0	0	false
GeoTop_Prefix_polygon_interior_exterior_disjoint.p	GeoTop_Prefix.polygon_interior_exterior_disjoint	58	58	0	0	false
GeoTop_Prefix_broken_line_endpoint_local_segment.p	GeoTop_Prefix.broken_line_endpoint_local_segment	390	390	0	0	false
GeoTopBase0_geotop_subdivision_simplex_in_parent.p	GeoTopBase0.geotop_subdivision_simplex_in_parent	28	28	0	0	false
GeoTopBase0_geotop_simplex_rel_interior_nonempty.p	GeoTopBase0.geotop_simplex_rel_interior_nonempty	32	32	0	0	false
GeoTopBase0_geotop_overlay_complex_refines_right.p	GeoTopBase0.geotop_overlay_complex_refines_right	26	26	0	0	false
GeoTopBase0_geotop_overlay_complex_pairwise_face.p	GeoTopBase0.geotop_overlay_complex_pairwise_face	67	67	0	0	false
GeoTopBase0_geotop_order_complex_is_cell_complex.p	GeoTopBase0.geotop_order_complex_is_cell_complex	105	105	0	0	false
GeoTopBase0_geotop_closed_star_subset_polyhedron.p	GeoTopBase0.geotop_closed_star_subset_polyhedron	21	21	0	0	false
GeoTopBase0_geotop_chain_simplex_vertices_in_top.p	GeoTopBase0.geotop_chain_simplex_vertices_in_top	180	180	0	0	false
GeoTopBase0_geotop_chain_simplex_open_star_inter.p	GeoTopBase0.geotop_chain_simplex_open_star_inter	34	34	0	0	false
GeoTopBase0_geotop_cell_flag_barycenter_distinct.p	GeoTopBase0.geotop_cell_flag_barycenter_distinct	62	62	0	0	false
GeoTopBase0_geotop_K_carrier_shared_rel_interior.p	GeoTopBase0.geotop_K_carrier_shared_rel_interior	13	13	0	0	false
GeoTopBase_homeomorphism_UNIV_image_interior_alt.p	GeoTopBase.homeomorphism_UNIV_image_interior_alt	15	15	0	0	false
GeoTopBase_homeomorphism_UNIV_image_frontier_alt.p	GeoTopBase.homeomorphism_UNIV_image_frontier_alt	15	15	0	0	false
GeoTopBase_geotop_simplex_dim_imp_hyperplane_dim.p	GeoTopBase.geotop_simplex_dim_imp_hyperplane_dim	163	163	0	0	false
GeoTopBase_geotop_V_subK_elt_in_simplex_vertices.p	GeoTopBase.geotop_V_subK_elt_in_simplex_vertices	56	56	0	0	false
GeoTopBase_geotop_1dim_vertex_in_simplex_is_face.p	GeoTopBase.geotop_1dim_vertex_in_simplex_is_face	43	43	0	0	false
GeoTop_punctured_circle_component_cover_if_split.p	GeoTop.punctured_circle_component_cover_if_split	29	29	0	0	false
GeoTop_closed_segment_radial_subsegment_preimage.p	GeoTop.closed_segment_radial_subsegment_preimage	281	281	0	0	false
GeoTop_closed_segment_radial_projection_preimage.p	GeoTop.closed_segment_radial_projection_preimage	3	3	0	0	false
GeoTop_Prefix_theta_graph_has_bounded_component.p	GeoTop_Prefix.theta_graph_has_bounded_component	132	132	0	0	false
GeoTop_Prefix_simple_path_compose_homeomorphism.p	GeoTop_Prefix.simple_path_compose_homeomorphism	63	63	0	0	false
GeoTop_Prefix_polygon_interior_is_HOL_component.p	GeoTop_Prefix.polygon_interior_is_HOL_component	48	48	0	0	false
GeoTop_Prefix_polygon_interior_disjoint_polygon.p	GeoTop_Prefix.polygon_interior_disjoint_polygon	51	51	0	0	false
GeoTop_Prefix_polygon_exterior_is_HOL_component.p	GeoTop_Prefix.polygon_exterior_is_HOL_component	48	48	0	0	false
GeoTop_Prefix_polygon_exterior_disjoint_polygon.p	GeoTop_Prefix.polygon_exterior_disjoint_polygon	51	51	0	0	false
GeoTop_Prefix_geotop_arc_endpoints_imp_top1_arc.p	GeoTop_Prefix.geotop_arc_endpoints_imp_top1_arc	69	69	0	0	false
GeoTopBase0_geotop_simplex_closure_rel_interior.p	GeoTopBase0.geotop_simplex_closure_rel_interior	32	32	0	0	false
GeoTopBase0_geotop_overlay_complex_refines_left.p	GeoTopBase0.geotop_overlay_complex_refines_left	26	26	0	0	false
GeoTopBase0_geotop_open_star_subset_closed_star.p	GeoTopBase0.geotop_open_star_subset_closed_star	40	40	0	0	false
GeoTopBase0_geotop_convex_in_complex_in_simplex.p	GeoTopBase0.geotop_convex_in_complex_in_simplex	22	22	0	0	false
GeoTopBase0_geotop_complex_flag_barycenter_card.p	GeoTopBase0.geotop_complex_flag_barycenter_card	27	27	0	0	false
GeoTopBase0_geotop_chain_simplex_carrier_in_set.p	GeoTopBase0.geotop_chain_simplex_carrier_in_set	378	378	0	0	false
GeoTopBase0_geotop_cell_complex_subset_imp_face.p	GeoTopBase0.geotop_cell_complex_subset_imp_face	34	34	0	0	false
GeoTopBase0_geotop_cell_complex_psubset_aff_dim.p	GeoTopBase0.geotop_cell_complex_psubset_aff_dim	48	48	0	0	false
GeoTopBase0_geotop_cell_complex_carrier_in_cell.p	GeoTopBase0.geotop_cell_complex_carrier_in_cell	44	44	0	0	false
GeoTopBase0_geotop_bary_in_rel_interior_support.p	GeoTopBase0.geotop_bary_in_rel_interior_support	169	169	0	0	false
GeoTopBase_homeomorphism_UNIV_image_closure_alt.p	GeoTopBase.homeomorphism_UNIV_image_closure_alt	15	15	0	0	false
GeoTopBase_geotop_subdivide_edge_singleton_ne_e.p	GeoTopBase.geotop_subdivide_edge_singleton_ne_e	37	37	0	0	false
GeoTopBase_geotop_subdivide_edge_locfin_inherit.p	GeoTopBase.geotop_subdivide_edge_locfin_inherit	80	80	0	0	false
GeoTopBase_geotop_straight_line_path_continuous.p	GeoTopBase.geotop_straight_line_path_continuous	88	88	0	0	false
GeoTopBase_geotop_isomorphic_induces_PLH_strong.p	GeoTopBase.geotop_isomorphic_induces_PLH_strong	117	117	0	0	false
GeoTopBase_geotop_complex_subdivide_edge_vertex.p	GeoTopBase.geotop_complex_subdivide_edge_vertex	49	49	0	0	false
GeoTopBase_geotop_closed_segment_is_broken_line.p	GeoTopBase.geotop_closed_segment_is_broken_line	144	144	0	0	false
GeoTopBase_component_eq_connected_component_set.p	GeoTopBase.component_eq_connected_component_set	58	58	0	0	false
GeoTop_geotop_hyperplane_dim_imp_affine_aff_dim.p	GeoTop.geotop_hyperplane_dim_imp_affine_aff_dim	56	56	0	0	false
GeoTop_closed_segment_sphere_unique_from_center.p	GeoTop.closed_segment_sphere_unique_from_center	253	253	0	0	false
GeoTop_Prefix_theta_two_middle_arcs_contradict.p	GeoTop_Prefix.theta_two_middle_arcs_contradict	102	102	0	0	false
GeoTop_Prefix_theta_arc_interior_isolated_ball.p	GeoTop_Prefix.theta_arc_interior_isolated_ball	105	105	0	0	false
GeoTop_Prefix_polyhedral_theta_graph_imp_theta.p	GeoTop_Prefix.polyhedral_theta_graph_imp_theta	9	9	0	0	false
GeoTop_Prefix_nondegenerate_segment_meets_ball.p	GeoTop_Prefix.nondegenerate_segment_meets_ball	302	302	0	0	false
GeoTop_Prefix_geotop_polygon_components_set_eq.p	GeoTop_Prefix.geotop_polygon_components_set_eq	49	49	0	0	false
GeoTop_Prefix_component_of_open_path_connected.p	GeoTop_Prefix.component_of_open_path_connected	18	18	0	0	false
GeoTopBase0_geotop_overlay_complex_elt_is_cell.p	GeoTopBase0.geotop_overlay_complex_elt_is_cell	20	20	0	0	false
GeoTopBase0_geotop_overlay_cells_refines_right.p	GeoTopBase0.geotop_overlay_cells_refines_right	28	28	0	0	false
GeoTopBase0_geotop_order_complex_pairwise_face.p	GeoTopBase0.geotop_order_complex_pairwise_face	72	72	0	0	false
GeoTopBase0_geotop_open_star_inter_simplex_iff.p	GeoTopBase0.geotop_open_star_inter_simplex_iff	17	17	0	0	false
GeoTopBase0_geotop_linear_inj_image_is_simplex.p	GeoTopBase0.geotop_linear_inj_image_is_simplex	105	105	0	0	false
GeoTopBase0_geotop_closed_star_contains_vertex.p	GeoTopBase0.geotop_closed_star_contains_vertex	48	48	0	0	false
GeoTopBase_geotop_subdivide_edge_vertices_in_K.p	GeoTopBase.geotop_subdivide_edge_vertices_in_K	65	65	0	0	false
GeoTopBase_geotop_subdivide_edge_polyhedron_eq.p	GeoTopBase.geotop_subdivide_edge_polyhedron_eq	59	59	0	0	false
GeoTopBase_finite_union_closed_local_isolation.p	GeoTopBase.finite_union_closed_local_isolation	191	191	0	0	false
GeoTopBase_arc_interior_relatively_open_in_arc.p	GeoTopBase.arc_interior_relatively_open_in_arc	79	79	0	0	false
GeoTop_pair_polygon_circle_side_classification.p	GeoTop.pair_polygon_circle_side_classification	263	263	0	0	false
GeoTop_component_lies_in_component_of_superset.p	GeoTop.component_lies_in_component_of_superset	24	24	0	0	false
GeoTop_Prefix_polyhedral_theta_graph_imp_bl_3.p	GeoTop_Prefix.polyhedral_theta_graph_imp_bl_3	12	12	0	0	false
GeoTop_Prefix_polyhedral_theta_graph_imp_bl_2.p	GeoTop_Prefix.polyhedral_theta_graph_imp_bl_2	13	13	0	0	false
GeoTop_Prefix_polyhedral_theta_graph_imp_bl_1.p	GeoTop_Prefix.polyhedral_theta_graph_imp_bl_1	13	13	0	0	false
GeoTop_Prefix_geotop_subspace_topology_strict.p	GeoTop_Prefix.geotop_subspace_topology_strict	8	8	0	0	false
GeoTop_Prefix_geotop_components_complement_eq.p	GeoTop_Prefix.geotop_components_complement_eq	49	49	0	0	false
GeoTop_Prefix_arc_interior_disjoint_other_arc.p	GeoTop_Prefix.arc_interior_disjoint_other_arc	34	34	0	0	false
GeoTop_Prefix_S2_two_arcs_frontier_components.p	GeoTop_Prefix.S2_two_arcs_frontier_components	105	105	0	0	false
GeoTop_Prefix_R2_to_C_vimage_eq_C_to_R2_image.p	GeoTop_Prefix.R2_to_C_vimage_eq_C_to_R2_image	33	33	0	0	false
GeoTop_Prefix_R2_pair_top1_homeomorphism_UNIV.p	GeoTop_Prefix.R2_pair_top1_homeomorphism_UNIV	87	87	0	0	false
GeoTop_Prefix_C_to_R2_vimage_eq_R2_to_C_image.p	GeoTop_Prefix.C_to_R2_vimage_eq_R2_to_C_image	33	33	0	0	false
GeoTopBase0_geotop_subdivision_covers_simplex.p	GeoTopBase0.geotop_subdivision_covers_simplex	52	52	0	0	false
GeoTopBase0_geotop_simplex_vertices_singleton.p	GeoTopBase0.geotop_simplex_vertices_singleton	53	53	0	0	false
GeoTopBase0_geotop_simplex_to_open_star_inter.p	GeoTopBase0.geotop_simplex_to_open_star_inter	47	47	0	0	false
GeoTopBase0_geotop_simplex_face_imp_cell_face.p	GeoTopBase0.geotop_simplex_face_imp_cell_face	52	52	0	0	false
GeoTopBase0_geotop_overlay_cells_refines_left.p	GeoTopBase0.geotop_overlay_cells_refines_left	28	28	0	0	false
GeoTopBase0_geotop_open_star_open_in_subspace.p	GeoTopBase0.geotop_open_star_open_in_subspace	75	75	0	0	false
GeoTopBase0_geotop_open_star_inter_to_simplex.p	GeoTopBase0.geotop_open_star_inter_to_simplex	38	38	0	0	false
GeoTopBase0_geotop_iterated_Sd_is_subdivision.p	GeoTopBase0.geotop_iterated_Sd_is_subdivision	28	28	0	0	false
GeoTopBase0_geotop_complex_polyhedron_compact.p	GeoTopBase0.geotop_complex_polyhedron_compact	24	24	0	0	false
GeoTopBase0_geotop_complex_polyhedron_bounded.p	GeoTopBase0.geotop_complex_polyhedron_bounded	20	20	0	0	false
GeoTopBase0_geotop_chain_simplex_inter_subset.p	GeoTopBase0.geotop_chain_simplex_inter_subset	473	473	0	0	false
GeoTopBase0_geotop_chain_hull_in_rel_frontier.p	GeoTopBase0.geotop_chain_hull_in_rel_frontier	204	204	0	0	false
GeoTopBase0_geotop_barycenter_to_vertex_bound.p	GeoTopBase0.geotop_barycenter_to_vertex_bound	275	275	0	0	false
GeoTopBase0_geotop_barycenter_in_rel_interior.p	GeoTopBase0.geotop_barycenter_in_rel_interior	171	171	0	0	false
GeoTopBase0_geotop_bary_lin_inj_image_hull_eq.p	GeoTopBase0.geotop_bary_lin_inj_image_hull_eq	9	9	0	0	false
GeoTopBase0_geotop_bary_lin_image_subset_hull.p	GeoTopBase0.geotop_bary_lin_image_subset_hull	89	89	0	0	false
GeoTopBase0_geotop_bK_covers_0_simplex_helper.p	GeoTopBase0.geotop_bK_covers_0_simplex_helper	133	133	0	0	false
GeoTopBase_metric_compact_family_inter_closed.p	GeoTopBase.metric_compact_family_inter_closed	46	46	0	0	false
GeoTopBase_geotop_simplex_dim_ge_2_has_2_face.p	GeoTopBase.geotop_simplex_dim_ge_2_has_2_face	191	191	0	0	false
GeoTopBase_geotop_general_position_subset_aux.p	GeoTopBase.geotop_general_position_subset_aux	144	144	0	0	false
GeoTopBase_geotop_closed_segment_is_face_self.p	GeoTopBase.geotop_closed_segment_is_face_self	42	42	0	0	false
GeoTopBase_finite_Union_closed_empty_interior.p	GeoTopBase.finite_Union_closed_empty_interior	49	49	0	0	false
GeoTopBase_closedin_on_geotop_UNIV_iff_closed.p	GeoTopBase.closedin_on_geotop_UNIV_iff_closed	48	48	0	0	false
GeoTop_real_interval_delete_component_closure.p	GeoTop.real_interval_delete_component_closure	283	283	0	0	false
GeoTop_Prefix_polygon_homeomorphic_S1_helper.p	GeoTop_Prefix.polygon_homeomorphic_S1_helper	57	57	0	0	false
GeoTopBase0_geotop_order_complex_face_closed.p	GeoTopBase0.geotop_order_complex_face_closed	66	66	0	0	false
GeoTopBase0_geotop_complex_polyhedron_closed.p	GeoTopBase0.geotop_complex_polyhedron_closed	20	20	0	0	false
GeoTopBase0_geotop_complex_barycenter_inj_on.p	GeoTopBase0.geotop_complex_barycenter_inj_on	12	12	0	0	false
GeoTopBase0_geotop_common_subdivision_finite.p	GeoTopBase0.geotop_common_subdivision_finite	35	35	0	0	false
GeoTopBase0_geotop_cell_barycenter_singleton.p	GeoTopBase0.geotop_cell_barycenter_singleton	20	20	0	0	false
GeoTopBase0_geotop_barycenter_to_point_bound.p	GeoTopBase0.geotop_barycenter_to_point_bound	120	120	0	0	false
GeoTopBase0_geotop_bary_lin_inj_preserves_ai.p	GeoTopBase0.geotop_bary_lin_inj_preserves_ai	285	285	0	0	false
GeoTopBase0_geotop_K_carriers_of_barycenters.p	GeoTopBase0.geotop_K_carriers_of_barycenters	32	32	0	0	false
GeoTopBase_top1_path_connected_on_HOL_convex.p	GeoTopBase.top1_path_connected_on_HOL_convex	61	61	0	0	false
GeoTopBase_homeomorphism_UNIV_image_interior.p	GeoTopBase.homeomorphism_UNIV_image_interior	20	20	0	0	false
GeoTopBase_homeomorphism_UNIV_image_frontier.p	GeoTopBase.homeomorphism_UNIV_image_frontier	27	27	0	0	false
GeoTopBase_geotop_subdivide_edge_v1_notin_el.p	GeoTopBase.geotop_subdivide_edge_v1_notin_el	46	46	0	0	false
GeoTopBase_geotop_subdivide_edge_v0_notin_er.p	GeoTopBase.geotop_subdivide_edge_v0_notin_er	45	45	0	0	false
GeoTopBase_geotop_subdivide_edge_face_closed.p	GeoTopBase.geotop_subdivide_edge_face_closed	265	265	0	0	false
GeoTopBase_geotop_subdivide_edge_el_inter_er.p	GeoTopBase.geotop_subdivide_edge_el_inter_er	4	4	0	0	false
GeoTopBase_geotop_singleton_simplex_vertices.p	GeoTopBase.geotop_singleton_simplex_vertices	53	53	0	0	false
GeoTopBase_geotop_simplex_dim_imp_is_simplex.p	GeoTopBase.geotop_simplex_dim_imp_is_simplex	25	25	0	0	false
GeoTopBase_geotop_nbhd_set_open_in_euclidean.p	GeoTopBase.geotop_nbhd_set_open_in_euclidean	46	46	0	0	false
GeoTopBase_geotop_broken_line_finite_witness.p	GeoTopBase.geotop_broken_line_finite_witness	73	73	0	0	false
GeoTopBase_geotop_1dim_complex_simp_dim_le_1.p	GeoTopBase.geotop_1dim_complex_simp_dim_le_1	17	17	0	0	false
GeoTopBase_closure_on_geotop_UNIV_eq_closure.p	GeoTopBase.closure_on_geotop_UNIV_eq_closure	32	32	0	0	false
GeoTopBase_Theorem_GT_4_invariance_of_domain.p	GeoTopBase.Theorem_GT_4_invariance_of_domain	78	78	0	0	false
GeoTop_Prefix_geotop_bounded_R2_iff_bounded.p	GeoTop_Prefix.geotop_bounded_R2_iff_bounded	308	308	0	0	false
GeoTop_Prefix_broken_line_make_two_vertices.p	GeoTop_Prefix.broken_line_make_two_vertices	146	146	0	0	false
GeoTopBase0_geotop_order_complex_polyhedron.p	GeoTopBase0.geotop_order_complex_polyhedron	9	9	0	0	false
GeoTopBase0_geotop_order_complex_is_complex.p	GeoTopBase0.geotop_order_complex_is_complex	65	65	0	0	false
GeoTopBase0_geotop_is_simplex_compact_early.p	GeoTopBase0.geotop_is_simplex_compact_early	29	29	0	0	false
GeoTopBase0_geotop_diameter_norm_nonneg_bdd.p	GeoTopBase0.geotop_diameter_norm_nonneg_bdd	129	129	0	0	false
GeoTopBase0_geotop_diameter_ge_HOL_diameter.p	GeoTopBase0.geotop_diameter_ge_HOL_diameter	165	165	0	0	false
GeoTopBase0_geotop_complex_simplex_nonempty.p	GeoTopBase0.geotop_complex_simplex_nonempty	14	14	0	0	false
GeoTopBase0_geotop_chain_simplex_strip_last.p	GeoTopBase0.geotop_chain_simplex_strip_last	409	409	0	0	false
GeoTopBase0_geotop_chain_simplex_is_simplex.p	GeoTopBase0.geotop_chain_simplex_is_simplex	149	149	0	0	false
GeoTopBase0_geotop_chain_barycenters_in_top.p	GeoTopBase0.geotop_chain_barycenters_in_top	43	43	0	0	false
GeoTopBase0_geotop_cell_flag_barycenter_inj.p	GeoTopBase0.geotop_cell_flag_barycenter_inj	143	143	0	0	false
GeoTopBase0_geotop_K_carrier_contains_point.p	GeoTopBase0.geotop_K_carrier_contains_point	22	22	0	0	false
GeoTopBase_homeomorphism_UNIV_image_closure.p	GeoTopBase.homeomorphism_UNIV_image_closure	50	50	0	0	false
GeoTopBase_geotop_subdivide_edge_inter_face.p	GeoTopBase.geotop_subdivide_edge_inter_face	108	108	0	0	false
GeoTopBase_geotop_segment_eq_closed_segment.p	GeoTopBase.geotop_segment_eq_closed_segment	177	177	0	0	false
GeoTopBase_geotop_is_complex_locally_finite.p	GeoTopBase.geotop_is_complex_locally_finite	9	9	0	0	false
GeoTopBase_geotop_frontier_UNIV_eq_frontier.p	GeoTopBase.geotop_frontier_UNIV_eq_frontier	18	18	0	0	false
GeoTopBase_geotop_complex_subset_is_complex.p	GeoTopBase.geotop_complex_subset_is_complex	41	41	0	0	false
GeoTopBase_geotop_closed_segment_is_simplex.p	GeoTopBase.geotop_closed_segment_is_simplex	105	105	0	0	false
GeoTopBase_geotop_broken_line_arc_reduction.p	GeoTopBase.geotop_broken_line_arc_reduction	219	219	0	0	false
GeoTopBase_geotop_HOL_arc_imp_geotop_is_arc.p	GeoTopBase.geotop_HOL_arc_imp_geotop_is_arc	235	235	0	0	false
GeoTop_components_real_complement_singleton.p	GeoTop.components_real_complement_singleton	192	192	0	0	false
GeoTop_affine_dim_1_distinct_meet_singleton.p	GeoTop.affine_dim_1_distinct_meet_singleton	219	219	0	0	false
GeoTop_Prefix_R2_to_S2_geotop_arc_top1_arc.p	GeoTop_Prefix.R2_to_S2_geotop_arc_top1_arc	56	56	0	0	false
GeoTopBase0_top1_ball_on_UNIV_norm_eq_ball.p	GeoTopBase0.top1_ball_on_UNIV_norm_eq_ball	22	22	0	0	false
GeoTopBase0_geotop_simplex_vertices_unique.p	GeoTopBase0.geotop_simplex_vertices_unique	43	43	0	0	false
GeoTopBase0_geotop_simplex_vertices_subset.p	GeoTopBase0.geotop_simplex_vertices_subset	29	29	0	0	false
GeoTopBase0_geotop_simplex_diameter_nonneg.p	GeoTopBase0.geotop_simplex_diameter_nonneg	169	169	0	0	false
GeoTopBase0_geotop_rel_frontier_ray_unique.p	GeoTopBase0.geotop_rel_frontier_ray_unique	166	166	0	0	false
GeoTopBase0_geotop_overlay_cells_are_cells.p	GeoTopBase0.geotop_overlay_cells_are_cells	45	45	0	0	false
GeoTopBase0_geotop_open_star_inter_carrier.p	GeoTopBase0.geotop_open_star_inter_carrier	38	38	0	0	false
GeoTopBase0_geotop_iterated_Sd_Suc_refines.p	GeoTopBase0.geotop_iterated_Sd_Suc_refines	25	25	0	0	false
GeoTopBase0_geotop_flag_intersect_hull_sub.p	GeoTopBase0.geotop_flag_intersect_hull_sub	283	283	0	0	false
GeoTopBase0_geotop_complex_simplex_compact.p	GeoTopBase0.geotop_complex_simplex_compact	15	15	0	0	false
GeoTopBase0_geotop_chain_bary_rel_interior.p	GeoTopBase0.geotop_chain_bary_rel_interior	293	293	0	0	false
GeoTopBase0_geotop_cell_x_in_chain_simplex.p	GeoTopBase0.geotop_cell_x_in_chain_simplex	418	418	0	0	false
GeoTopBase0_geotop_cell_barycenter_in_cell.p	GeoTopBase0.geotop_cell_barycenter_in_cell	22	22	0	0	false
GeoTopBase0_geotop_bK_elt_simplex_vertices.p	GeoTopBase0.geotop_bK_elt_simplex_vertices	154	154	0	0	false
GeoTopBase0_geotop_ai_imp_general_position.p	GeoTopBase0.geotop_ai_imp_general_position	201	201	0	0	false
GeoTopBase0_geotop_K_carrier_subdiv_subset.p	GeoTopBase0.geotop_K_carrier_subdiv_subset	22	22	0	0	false
GeoTopBase0_geotop_K_carrier_in_polyhedron.p	GeoTopBase0.geotop_K_carrier_in_polyhedron	16	16	0	0	false
GeoTopBase_top1_homeomorphism_on_imp_cont2.p	GeoTopBase.top1_homeomorphism_on_imp_cont2	9	9	0	0	false
GeoTopBase_top1_homeomorphism_on_imp_cont1.p	GeoTopBase.top1_homeomorphism_on_imp_cont1	10	10	0	0	false
GeoTopBase_path_component_in_halfplane_pos.p	GeoTopBase.path_component_in_halfplane_pos	137	137	0	0	false
GeoTopBase_path_component_in_halfplane_neg.p	GeoTopBase.path_component_in_halfplane_neg	137	137	0	0	false
GeoTopBase_geotop_subdivide_edge_simplexes.p	GeoTopBase.geotop_subdivide_edge_simplexes	37	37	0	0	false
GeoTopBase_geotop_segment_simplex_vertices.p	GeoTopBase.geotop_segment_simplex_vertices	266	266	0	0	false
GeoTopBase_geotop_complex_subdivide_at_two.p	GeoTopBase.geotop_complex_subdivide_at_two	27	27	0	0	false
GeoTopBase_geotop_ball_avoids_finite_union.p	GeoTopBase.geotop_ball_avoids_finite_union	111	111	0	0	false
GeoTopBase_geotop_arc_preimage_is_interval.p	GeoTopBase.geotop_arc_preimage_is_interval	78	78	0	0	false
GeoTop_geotop_is_face_has_simplex_vertices.p	GeoTop.geotop_is_face_has_simplex_vertices	71	71	0	0	false
GeoTop_face_of_nonempty_imp_geotop_is_face.p	GeoTop.face_of_nonempty_imp_geotop_is_face	54	54	0	0	false
GeoTop_Prefix_theta_graph_pair_is_polygon.p	GeoTop_Prefix.theta_graph_pair_is_polygon	59	59	0	0	false
GeoTop_Prefix_theta_graph_M_decomposition.p	GeoTop_Prefix.theta_graph_M_decomposition	52	52	0	0	false
GeoTop_Prefix_polygon_interior_closure_eq.p	GeoTop_Prefix.polygon_interior_closure_eq	36	36	0	0	false
GeoTop_Prefix_polygon_exterior_closure_eq.p	GeoTop_Prefix.polygon_exterior_closure_eq	36	36	0	0	false
GeoTop_Prefix_arc_closure_interior_eq_arc.p	GeoTop_Prefix.arc_closure_interior_eq_arc	290	290	0	0	false
GeoTopBase0_geotop_simplex_dim_set_finite.p	GeoTopBase0.geotop_simplex_dim_set_finite	47	47	0	0	false
GeoTopBase0_geotop_overlay_complex_finite.p	GeoTopBase0.geotop_overlay_complex_finite	41	41	0	0	false
GeoTopBase0_geotop_diameter_le_from_pairs.p	GeoTopBase0.geotop_diameter_le_from_pairs	29	29	0	0	false
GeoTopBase0_geotop_complex_simplex_closed.p	GeoTopBase0.geotop_complex_simplex_closed	20	20	0	0	false
GeoTopBase0_geotop_complex_inter_face_HOL.p	GeoTopBase0.geotop_complex_inter_face_HOL	56	56	0	0	false
GeoTopBase0_geotop_chain_simplex_vertices.p	GeoTopBase0.geotop_chain_simplex_vertices	148	148	0	0	false
GeoTopBase0_geotop_chain_simplex_inter_eq.p	GeoTopBase0.geotop_chain_simplex_inter_eq	42	42	0	0	false
GeoTopBase0_geotop_K_carrier_rel_interior.p	GeoTopBase0.geotop_K_carrier_rel_interior	21	21	0	0	false
GeoTopBase_geotop_simplex_vertices_subset.p	GeoTopBase.geotop_simplex_vertices_subset	16	16	0	0	false
GeoTopBase_geotop_isomorphism_induces_PLH.p	GeoTopBase.geotop_isomorphism_induces_PLH	263	263	0	0	false
GeoTopBase_geotop_is_face_refl_of_simplex.p	GeoTopBase.geotop_is_face_refl_of_simplex	61	61	0	0	false
GeoTopBase_geotop_is_complex_intersection.p	GeoTopBase.geotop_is_complex_intersection	10	10	0	0	false
GeoTopBase_geotop_general_position_subset.p	GeoTopBase.geotop_general_position_subset	24	24	0	0	false
GeoTopBase_geotop_complex_point_avoidance.p	GeoTopBase.geotop_complex_point_avoidance	76	76	0	0	false
GeoTopBase_geotop_arc_homeomorphism_image.p	GeoTopBase.geotop_arc_homeomorphism_image	13	13	0	0	false
GeoTop_theta_middle_arc_unique_excludes_3.p	GeoTop.theta_middle_arc_unique_excludes_3	69	69	0	0	false
GeoTop_sphere_pair_subset_pair_complement.p	GeoTop.sphere_pair_subset_pair_complement	126	126	0	0	false
GeoTop_Prefix_simple_path_circle_path_R2.p	GeoTop_Prefix.simple_path_circle_path_R2	82	82	0	0	false
GeoTop_Prefix_polygon_simple_closed_path.p	GeoTop_Prefix.polygon_simple_closed_path	99	99	0	0	false
GeoTop_Prefix_polygon_set_interior_empty.p	GeoTop_Prefix.polygon_set_interior_empty	434	434	0	0	false
GeoTop_Prefix_polygon_interior_injective.p	GeoTop_Prefix.polygon_interior_injective	14	14	0	0	false
GeoTop_Prefix_polygon_exterior_unbounded.p	GeoTop_Prefix.polygon_exterior_unbounded	131	131	0	0	false
GeoTop_Prefix_broken_line_interior_empty.p	GeoTop_Prefix.broken_line_interior_empty	174	174	0	0	false
GeoTop_Prefix_R2_pair_homeomorphism_UNIV.p	GeoTop_Prefix.R2_pair_homeomorphism_UNIV	45	45	0	0	false
GeoTopBase0_geotop_overlay_complex_union.p	GeoTopBase0.geotop_overlay_complex_union	49	49	0	0	false
GeoTopBase0_geotop_order_complex_refines.p	GeoTopBase0.geotop_order_complex_refines	60	60	0	0	false
GeoTopBase0_geotop_linear_on_sub_simplex.p	GeoTopBase0.geotop_linear_on_sub_simplex	124	124	0	0	false
GeoTopBase0_geotop_general_position_mono.p	GeoTopBase0.geotop_general_position_mono	125	125	0	0	false
GeoTopBase0_geotop_convex_iff_HOL_convex.p	GeoTopBase0.geotop_convex_iff_HOL_convex	39	39	0	0	false
GeoTopBase0_geotop_barycenter_in_simplex.p	GeoTopBase0.geotop_barycenter_in_simplex	170	170	0	0	false
GeoTopBase0_geotop_Sd_simplex_chain_form.p	GeoTopBase0.geotop_Sd_simplex_chain_form	48	48	0	0	false
GeoTopBase0_geotop_Sd_simplex_V_in_K_top.p	GeoTopBase0.geotop_Sd_simplex_V_in_K_top	46	46	0	0	false
GeoTopBase0_geotop_K_carrier_chain_combo.p	GeoTopBase0.geotop_K_carrier_chain_combo	11	11	0	0	false
GeoTopBase_top1_homeomorphism_on_imp_bij.p	GeoTopBase.top1_homeomorphism_on_imp_bij	10	10	0	0	false
GeoTopBase_geotop_singleton_is_face_self.p	GeoTopBase.geotop_singleton_is_face_self	112	112	0	0	false
GeoTopBase_geotop_isomorphic_induces_PLH.p	GeoTopBase.geotop_isomorphic_induces_PLH	43	43	0	0	false
GeoTopBase_geotop_is_n_cell_imp_homeo_ex.p	GeoTopBase.geotop_is_n_cell_imp_homeo_ex	21	21	0	0	false
GeoTopBase_geotop_is_complex_face_closed.p	GeoTopBase.geotop_is_complex_face_closed	10	10	0	0	false
GeoTopBase_geotop_convex_hull_contains_V.p	GeoTopBase.geotop_convex_hull_contains_V	19	19	0	0	false
GeoTopBase_geotop_complex_subdivide_edge.p	GeoTopBase.geotop_complex_subdivide_edge	78	78	0	0	false
GeoTopBase_geotop_arc_first_intersection.p	GeoTopBase.geotop_arc_first_intersection	175	175	0	0	false
GeoTop_closed_segment_radial_tail_subset.p	GeoTop.closed_segment_radial_tail_subset	262	262	0	0	false
GeoTop_Prefix_pathfinish_circle_path_R2.p	GeoTop_Prefix.pathfinish_circle_path_R2	41	41	0	0	false
GeoTop_Prefix_path_image_circle_path_R2.p	GeoTop_Prefix.path_image_circle_path_R2	68	68	0	0	false
GeoTop_Prefix_pair_of_arcs_intersection.p	GeoTop_Prefix.pair_of_arcs_intersection	47	47	0	0	false
GeoTopBase0_geotop_simplex_faces_finite.p	GeoTopBase0.geotop_simplex_faces_finite	57	57	0	0	false
GeoTopBase0_geotop_radial_decomp_unique.p	GeoTopBase0.geotop_radial_decomp_unique	199	199	0	0	false
GeoTopBase0_geotop_overlay_cells_finite.p	GeoTopBase0.geotop_overlay_cells_finite	52	52	0	0	false
GeoTopBase0_geotop_order_complex_finite.p	GeoTopBase0.geotop_order_complex_finite	39	39	0	0	false
GeoTopBase0_geotop_open_star_complement.p	GeoTopBase0.geotop_open_star_complement	200	200	0	0	false
GeoTopBase0_geotop_is_subdivision_trans.p	GeoTopBase0.geotop_is_subdivision_trans	43	43	0	0	false
GeoTopBase0_geotop_conv_hull_pair_bound.p	GeoTopBase0.geotop_conv_hull_pair_bound	17	17	0	0	false
GeoTopBase0_geotop_cell_face_imp_subset.p	GeoTopBase0.geotop_cell_face_imp_subset	29	29	0	0	false
GeoTopBase0_geotop_cell_complex_carrier.p	GeoTopBase0.geotop_cell_complex_carrier	175	175	0	0	false
GeoTopBase0_geotop_barycenter_singleton.p	GeoTopBase0.geotop_barycenter_singleton	191	191	0	0	false
GeoTopBase0_geotop_K_carrier_barycenter.p	GeoTopBase0.geotop_K_carrier_barycenter	35	35	0	0	false
GeoTopBase_geotop_transport_subdivision.p	GeoTopBase.geotop_transport_subdivision	293	293	0	0	false
GeoTopBase_geotop_subdivide_edge_locfin.p	GeoTopBase.geotop_subdivide_edge_locfin	40	40	0	0	false
GeoTopBase_geotop_convex_hull_is_convex.p	GeoTopBase.geotop_convex_hull_is_convex	37	37	0	0	false
GeoTopBase_geotop_closed_segment_is_arc.p	GeoTopBase.geotop_closed_segment_is_arc	43	43	0	0	false
GeoTopBase_geotop_broken_line_vertex_at.p	GeoTopBase.geotop_broken_line_vertex_at	36	36	0	0	false
GeoTopBase_geotop_bary_coords_unique_AI.p	GeoTopBase.geotop_bary_coords_unique_AI	57	57	0	0	false
GeoTop_same_component_homeomorphism_iff.p	GeoTop.same_component_homeomorphism_iff	51	51	0	0	false
GeoTop_closed_segment_in_lines_aff_hull.p	GeoTop.closed_segment_in_lines_aff_hull	71	71	0	0	false
GeoTop_Prefix_polygon_interior_bounded.p	GeoTop_Prefix.polygon_interior_bounded	128	128	0	0	false
GeoTop_Prefix_polygon_complex_dim_le_1.p	GeoTop_Prefix.polygon_complex_dim_le_1	263	263	0	0	false
GeoTop_Prefix_pathstart_circle_path_R2.p	GeoTop_Prefix.pathstart_circle_path_R2	47	47	0	0	false
GeoTop_Prefix_continuous_on_pair_to_R2.p	GeoTop_Prefix.continuous_on_pair_to_R2	43	43	0	0	false
GeoTop_Prefix_continuous_on_R2_to_pair.p	GeoTop_Prefix.continuous_on_R2_to_pair	24	24	0	0	false
GeoTopBase0_geotop_overlay_cells_union.p	GeoTopBase0.geotop_overlay_cells_union	48	48	0	0	false
GeoTopBase0_geotop_is_subdivision_refl.p	GeoTopBase0.geotop_is_subdivision_refl	26	26	0	0	false
GeoTopBase0_geotop_in_T_chain_to_alpha.p	GeoTopBase0.geotop_in_T_chain_to_alpha	146	146	0	0	false
GeoTopBase0_geotop_classical_Sd_exists.p	GeoTopBase0.geotop_classical_Sd_exists	696	696	0	0	false
GeoTopBase0_geotop_chain_vertex_subset.p	GeoTopBase0.geotop_chain_vertex_subset	73	73	0	0	false
GeoTopBase_top1_is_path_on_of_HOL_path.p	GeoTopBase.top1_is_path_on_of_HOL_path	73	73	0	0	false
GeoTopBase_subspace_topology_UNIV_UNIV.p	GeoTopBase.subspace_topology_UNIV_UNIV	22	22	0	0	false
GeoTopBase_geotop_singleton_is_simplex.p	GeoTopBase.geotop_singleton_is_simplex	68	68	0	0	false
GeoTopBase_geotop_self_in_component_at.p	GeoTopBase.geotop_self_in_component_at	32	32	0	0	false
GeoTopBase_geotop_complex_subdivide_at.p	GeoTopBase.geotop_complex_subdivide_at	189	189	0	0	false
GeoTop_Prefix_polygon_interior_unique.p	GeoTop_Prefix.polygon_interior_unique	101	101	0	0	false
GeoTop_Prefix_polygon_exterior_unique.p	GeoTop_Prefix.polygon_exterior_unique	90	90	0	0	false
GeoTop_Prefix_polygon_components_card.p	GeoTop_Prefix.polygon_components_card	172	172	0	0	false
GeoTop_Prefix_pair_of_arcs_polyhedron.p	GeoTop_Prefix.pair_of_arcs_polyhedron	334	334	0	0	false
GeoTop_Prefix_pair_of_arcs_is_polygon.p	GeoTop_Prefix.pair_of_arcs_is_polygon	92	92	0	0	false
GeoTop_Prefix_broken_line_make_vertex.p	GeoTop_Prefix.broken_line_make_vertex	113	113	0	0	false
GeoTop_Prefix_arc_endpoints_imp_param.p	GeoTop_Prefix.arc_endpoints_imp_param	78	78	0	0	false
GeoTop_Prefix_R2_to_C_image_connected.p	GeoTop_Prefix.R2_to_C_image_connected	49	49	0	0	false
GeoTopBase0_geotop_vertex_stars_cover.p	GeoTopBase0.geotop_vertex_stars_cover	154	154	0	0	false
GeoTopBase0_geotop_simplex_obtain_HOL.p	GeoTopBase0.geotop_simplex_obtain_HOL	54	54	0	0	false
GeoTopBase0_geotop_simplex_dim_unique.p	GeoTopBase0.geotop_simplex_dim_unique	47	47	0	0	false
GeoTopBase0_geotop_flags_chain_subset.p	GeoTopBase0.geotop_flags_chain_subset	133	133	0	0	false
GeoTopBase0_geotop_flags_chain_strict.p	GeoTopBase0.geotop_flags_chain_strict	52	52	0	0	false
GeoTopBase0_geotop_convex_hull_eq_HOL.p	GeoTopBase0.geotop_convex_hull_eq_HOL	30	30	0	0	false
GeoTopBase0_geotop_conv_hull_pt_bound.p	GeoTopBase0.geotop_conv_hull_pt_bound	162	162	0	0	false
GeoTopBase0_geotop_closed_star_closed.p	GeoTopBase0.geotop_closed_star_closed	56	56	0	0	false
GeoTopBase0_geotop_cell_face_imp_cell.p	GeoTopBase0.geotop_cell_face_imp_cell	25	25	0	0	false
GeoTopBase_top1_homeomorphism_on_comp.p	GeoTopBase.top1_homeomorphism_on_comp	42	42	0	0	false
GeoTopBase_straight_line_path_in_face.p	GeoTopBase.straight_line_path_in_face	302	302	0	0	false
GeoTopBase_homeomorphism_UNIV_imp_bij.p	GeoTopBase.homeomorphism_UNIV_imp_bij	28	28	0	0	false
GeoTopBase_geotop_simplicial_on_eq_on.p	GeoTopBase.geotop_simplicial_on_eq_on	43	43	0	0	false
GeoTopBase_geotop_is_simplex_nonempty.p	GeoTopBase.geotop_is_simplex_nonempty	49	49	0	0	false
GeoTopBase_geotop_in_span_b_via_perp2.p	GeoTopBase.geotop_in_span_b_via_perp2	160	160	0	0	false
GeoTopBase_geotop_broken_line_compact.p	GeoTopBase.geotop_broken_line_compact	45	45	0	0	false
GeoTopBase_geotop_ball_avoids_simplex.p	GeoTopBase.geotop_ball_avoids_simplex	7	7	0	0	false
GeoTop_Prefix_bounded_linear_R2_to_C.p	GeoTop_Prefix.bounded_linear_R2_to_C	14	14	0	0	false
GeoTop_Prefix_bounded_linear_C_to_R2.p	GeoTop_Prefix.bounded_linear_C_to_R2	14	14	0	0	false
GeoTop_Prefix_arc_interior_connected.p	GeoTop_Prefix.arc_interior_connected	180	180	0	0	false
GeoTop_Prefix_R2_to_C_image_frontier.p	GeoTop_Prefix.R2_to_C_image_frontier	84	84	0	0	false
GeoTop_Prefix_C_to_R2_image_frontier.p	GeoTop_Prefix.C_to_R2_image_frontier	84	84	0	0	false
GeoTopBase0_geotop_simplex_is_convex.p	GeoTopBase0.geotop_simplex_is_convex	33	33	0	0	false
GeoTopBase0_geotop_chain_support_max.p	GeoTopBase0.geotop_chain_support_max	220	220	0	0	false
GeoTopBase0_geotop_cell_intersection.p	GeoTopBase0.geotop_cell_intersection	17	17	0	0	false
GeoTopBase0_geotop_cell_flags_finite.p	GeoTopBase0.geotop_cell_flags_finite	38	38	0	0	false
GeoTopBase0_geotop_cell_flags_filter.p	GeoTopBase0.geotop_cell_flags_filter	27	27	0	0	false
GeoTopBase0_geotop_cell_finite_faces.p	GeoTopBase0.geotop_cell_finite_faces	29	29	0	0	false
GeoTopBase0_geotop_bK_elt_subset_top.p	GeoTopBase0.geotop_bK_elt_subset_top	175	175	0	0	false
GeoTopBase0_geotop_Sd_mesh_shrinkage.p	GeoTopBase0.geotop_Sd_mesh_shrinkage	22	22	0	0	false
GeoTopBase0_geotop_Sd_is_subdivision.p	GeoTopBase0.geotop_Sd_is_subdivision	12	12	0	0	false
GeoTopBase0_geotop_Sd_is_barycentric.p	GeoTopBase0.geotop_Sd_is_barycentric	13	13	0	0	false
GeoTopBase_top1_homeomorphism_on_sym.p	GeoTopBase.top1_homeomorphism_on_sym	39	39	0	0	false
GeoTopBase_geotop_simplex_dim_closed.p	GeoTopBase.geotop_simplex_dim_closed	40	40	0	0	false
GeoTopBase_geotop_is_simplex_compact.p	GeoTopBase.geotop_is_simplex_compact	29	29	0	0	false
GeoTopBase_geotop_is_complex_simplex.p	GeoTopBase.geotop_is_complex_simplex	9	9	0	0	false
GeoTopBase_geotop_is_arc_imp_HOL_arc.p	GeoTopBase.geotop_is_arc_imp_HOL_arc	155	155	0	0	false
GeoTopBase_geotop_broken_line_subarc.p	GeoTopBase.geotop_broken_line_subarc	230	230	0	0	false
GeoTopBase_geotop_broken_line_concat.p	GeoTopBase.geotop_broken_line_concat	23	23	0	0	false
GeoTopBase_geotop_broken_line_closed.p	GeoTopBase.geotop_broken_line_closed	20	20	0	0	false
GeoTopBase_geotop_1dim_simplex_cases.p	GeoTopBase.geotop_1dim_simplex_cases	182	182	0	0	false
GeoTopBase_arc_endpoints_imp_arc_HOL.p	GeoTopBase.arc_endpoints_imp_arc_HOL	83	83	0	0	false
GeoTop_polytope_aff_dim_1_is_segment.p	GeoTop.polytope_aff_dim_1_is_segment	265	265	0	0	false
GeoTop_geotop_base_face_of_edge_cone.p	GeoTop.geotop_base_face_of_edge_cone	48	48	0	0	false
GeoTop_Prefix_polygon_components_eq.p	GeoTop_Prefix.polygon_components_eq	94	94	0	0	false
GeoTop_Prefix_pair_to_R2_R2_to_pair.p	GeoTop_Prefix.pair_to_R2_R2_to_pair	57	57	0	0	false
GeoTop_Prefix_continuous_on_R2_to_C.p	GeoTop_Prefix.continuous_on_R2_to_C	24	24	0	0	false
GeoTop_Prefix_continuous_on_C_to_R2.p	GeoTop_Prefix.continuous_on_C_to_R2	24	24	0	0	false
GeoTop_Prefix_arc_interior_nonempty.p	GeoTop_Prefix.arc_interior_nonempty	152	152	0	0	false
GeoTop_Prefix_R2_to_pair_pair_to_R2.p	GeoTop_Prefix.R2_to_pair_pair_to_R2	53	53	0	0	false
GeoTop_Prefix_R2_to_C_image_closure.p	GeoTop_Prefix.R2_to_C_image_closure	57	57	0	0	false
GeoTop_Prefix_R2_to_C_image_bounded.p	GeoTop_Prefix.R2_to_C_image_bounded	44	44	0	0	false
GeoTop_Prefix_R2_to_C_continuous_at.p	GeoTop_Prefix.R2_to_C_continuous_at	40	40	0	0	false
GeoTop_Prefix_C_to_R2_image_closure.p	GeoTop_Prefix.C_to_R2_image_closure	57	57	0	0	false
GeoTop_Prefix_C_to_R2_continuous_at.p	GeoTop_Prefix.C_to_R2_continuous_at	36	36	0	0	false
GeoTopBase0_geotop_simplex_nonempty.p	GeoTopBase0.geotop_simplex_nonempty	58	58	0	0	false
GeoTopBase0_geotop_simplex_imp_cell.p	GeoTopBase0.geotop_simplex_imp_cell	73	73	0	0	false
GeoTopBase0_geotop_polyhedron_image.p	GeoTopBase0.geotop_polyhedron_image	23	23	0	0	false
GeoTopBase0_geotop_open_star_subset.p	GeoTopBase0.geotop_open_star_subset	42	42	0	0	false
GeoTopBase0_geotop_mesh_norm_nonneg.p	GeoTopBase0.geotop_mesh_norm_nonneg	128	128	0	0	false
GeoTopBase0_geotop_iterated_Sd_zero.p	GeoTopBase0.geotop_iterated_Sd_zero	16	16	0	0	false
GeoTopBase0_geotop_iterated_Sd_mono.p	GeoTopBase0.geotop_iterated_Sd_mono	124	124	0	0	false
GeoTopBase0_geotop_diameter_le_mesh.p	GeoTopBase0.geotop_diameter_le_mesh	48	48	0	0	false
GeoTopBase0_geotop_barycenter_eq_uV.p	GeoTopBase0.geotop_barycenter_eq_uV	45	45	0	0	false
GeoTopBase0_geotop_K_carrier_vertex.p	GeoTopBase0.geotop_K_carrier_vertex	55	55	0	0	false
GeoTopBase_top1_homeomorphism_on_id.p	GeoTopBase.top1_homeomorphism_on_id	83	83	0	0	false
GeoTopBase_geotop_subarc_polyhedron.p	GeoTopBase.geotop_subarc_polyhedron	211	211	0	0	false
GeoTopBase_geotop_simplex_is_n_cell.p	GeoTopBase.geotop_simplex_is_n_cell	32	32	0	0	false
GeoTopBase_geotop_simplex_is_convex.p	GeoTopBase.geotop_simplex_is_convex	34	34	0	0	false
GeoTopBase_geotop_is_simplex_closed.p	GeoTopBase.geotop_is_simplex_closed	35	35	0	0	false
GeoTopBase_geotop_is_face_of_subset.p	GeoTopBase.geotop_is_face_of_subset	23	23	0	0	false
GeoTopBase_closed_Un_empty_interior.p	GeoTopBase.closed_Un_empty_interior	32	32	0	0	false
GeoTop_Prefix_circle_path_R2_via_C.p	GeoTop_Prefix.circle_path_R2_via_C	20	20	0	0	false
GeoTop_Prefix_R2_to_S2_inj_on_UNIV.p	GeoTop_Prefix.R2_to_S2_inj_on_UNIV	14	14	0	0	false
GeoTopBase0_geotop_simplex_compact.p	GeoTopBase0.geotop_simplex_compact	35	35	0	0	false
GeoTopBase0_geotop_flags_last_in_K.p	GeoTopBase0.geotop_flags_last_in_K	25	25	0	0	false
GeoTopBase0_geotop_cell_flags_init.p	GeoTopBase0.geotop_cell_flags_init	73	73	0	0	false
GeoTopBase0_geotop_cell_face_trans.p	GeoTopBase0.geotop_cell_face_trans	28	28	0	0	false
GeoTopBase_geotop_simplex_nonempty.p	GeoTopBase.geotop_simplex_nonempty	46	46	0	0	false
GeoTopBase_geotop_line_normal_form.p	GeoTopBase.geotop_line_normal_form	151	151	0	0	false
GeoTopBase_geotop_isomorphic_trans.p	GeoTopBase.geotop_isomorphic_trans	49	49	0	0	false
GeoTopBase_frontier_image_explicit.p	GeoTopBase.frontier_image_explicit	38	38	0	0	false
GeoTop_wpt_not_in_aff_hull_segment.p	GeoTop.wpt_not_in_aff_hull_segment	35	35	0	0	false
GeoTop_Prefix_theta_graph_bounded.p	GeoTop_Prefix.theta_graph_bounded	42	42	0	0	false
GeoTop_Prefix_path_circle_path_R2.p	GeoTop_Prefix.path_circle_path_R2	48	48	0	0	false
GeoTop_Prefix_loop_circle_path_R2.p	GeoTop_Prefix.loop_circle_path_R2	13	13	0	0	false
GeoTop_Prefix_broken_line_bounded.p	GeoTop_Prefix.broken_line_bounded	106	106	0	0	false
GeoTop_Prefix_R2_to_C_simple_path.p	GeoTop_Prefix.R2_to_C_simple_path	67	67	0	0	false
GeoTop_Prefix_R2_to_C_image_compl.p	GeoTop_Prefix.R2_to_C_image_compl	10	10	0	0	false
GeoTopBase0_geotop_simplex_closed.p	GeoTopBase0.geotop_simplex_closed	20	20	0	0	false
GeoTopBase0_geotop_linear_on_face.p	GeoTopBase0.geotop_linear_on_face	230	230	0	0	false
GeoTopBase0_geotop_cell_face_refl.p	GeoTopBase0.geotop_cell_face_refl	14	14	0	0	false
GeoTopBase0_geotop_carrier_unique.p	GeoTopBase0.geotop_carrier_unique	13	13	0	0	false
GeoTopBase0_geotop_bK_elt_simplex.p	GeoTopBase0.geotop_bK_elt_simplex	22	22	0	0	false
GeoTopBase0_geotop_bK_elt_compact.p	GeoTopBase0.geotop_bK_elt_compact	23	23	0	0	false
GeoTopBase0_geotop_bK_elt_bounded.p	GeoTopBase0.geotop_bK_elt_bounded	20	20	0	0	false
GeoTopBase0_geotop_AI_bary_unique.p	GeoTopBase0.geotop_AI_bary_unique	50	50	0	0	false
GeoTopBase_geotop_linear_on_eq_on.p	GeoTopBase.geotop_linear_on_eq_on	53	53	0	0	false
GeoTop_geotop_is_face_imp_face_of.p	GeoTop.geotop_is_face_imp_face_of	49	49	0	0	false
GeoTop_Prefix_theta_graph_closed.p	GeoTop_Prefix.theta_graph_closed	46	46	0	0	false
GeoTop_Prefix_pathfinish_compose.p	GeoTop_Prefix.pathfinish_compose	11	11	0	0	false
GeoTop_Prefix_path_image_compose.p	GeoTop_Prefix.path_image_compose	36	36	0	0	false
GeoTop_Prefix_homeomorphism_R2_C.p	GeoTop_Prefix.homeomorphism_R2_C	45	45	0	0	false
GeoTop_Prefix_continuous_on_cp_C.p	GeoTop_Prefix.continuous_on_cp_C	87	87	0	0	false
GeoTop_Prefix_broken_line_closed.p	GeoTop_Prefix.broken_line_closed	106	106	0	0	false
GeoTop_Prefix_R2_to_S2_image_Int.p	GeoTop_Prefix.R2_to_S2_image_Int	23	23	0	0	false
GeoTop_Prefix_R2_to_C_pathfinish.p	GeoTop_Prefix.R2_to_C_pathfinish	28	28	0	0	false
GeoTop_Prefix_R2_to_C_path_image.p	GeoTop_Prefix.R2_to_C_path_image	53	53	0	0	false
GeoTop_Prefix_R2_to_C_image_open.p	GeoTop_Prefix.R2_to_C_image_open	37	37	0	0	false
GeoTop_Prefix_Jordan_curve_real2.p	GeoTop_Prefix.Jordan_curve_real2	78	78	0	0	false
GeoTop_Prefix_C_to_R2_image_open.p	GeoTop_Prefix.C_to_R2_image_open	37	37	0	0	false
GeoTopBase0_geotop_flags_hd_in_K.p	GeoTopBase0.geotop_flags_hd_in_K	25	25	0	0	false
GeoTopBase0_geotop_cell_nonempty.p	GeoTopBase0.geotop_cell_nonempty	18	18	0	0	false
GeoTopBase_geotop_perp2_dot_zero.p	GeoTopBase.geotop_perp2_dot_zero	144	144	0	0	false
GeoTopBase_geotop_isomorphic_sym.p	GeoTopBase.geotop_isomorphic_sym	51	51	0	0	false
GeoTop_Prefix_pathstart_compose.p	GeoTop_Prefix.pathstart_compose	11	11	0	0	false
GeoTop_Prefix_arc_join_image_eq.p	GeoTop_Prefix.arc_join_image_eq	3	3	0	0	false
GeoTop_Prefix_R2_to_C_pathstart.p	GeoTop_Prefix.R2_to_C_pathstart	28	28	0	0	false
GeoTopBase0_geotop_flags_finite.p	GeoTopBase0.geotop_flags_finite	24	24	0	0	false
GeoTopBase0_geotop_cell_compact.p	GeoTopBase0.geotop_cell_compact	37	37	0	0	false
GeoTopBase0_geotop_K_carrier_in.p	GeoTopBase0.geotop_K_carrier_in	21	21	0	0	false
GeoTopBase0_geotop_K_carrier_eq.p	GeoTopBase0.geotop_K_carrier_eq	27	27	0	0	false
GeoTopBase_geotop_perp2_ne_zero.p	GeoTopBase.geotop_perp2_ne_zero	50	50	0	0	false
GeoTop_geotop_cone_face_of_edge.p	GeoTop.geotop_cone_face_of_edge	45	45	0	0	false
GeoTop_Prefix_simple_path_cp_C.p	GeoTop_Prefix.simple_path_cp_C	48	48	0	0	false
GeoTopBase0_geotop_flags_empty.p	GeoTopBase0.geotop_flags_empty	51	51	0	0	false
GeoTopBase0_geotop_cell_convex.p	GeoTopBase0.geotop_cell_convex	34	34	0	0	false
GeoTopBase0_geotop_cell_closed.p	GeoTopBase0.geotop_cell_closed	20	20	0	0	false
GeoTop_fan_triangulation_cover.p	GeoTop.fan_triangulation_cover	109	109	0	0	false
GeoTop_Prefix_polygon_islimpt.p	GeoTop_Prefix.polygon_islimpt	201	201	0	0	false
GeoTop_Prefix_polygon_bounded.p	GeoTop_Prefix.polygon_bounded	80	80	0	0	false
GeoTop_Prefix_path_image_cp_C.p	GeoTop_Prefix.path_image_cp_C	233	233	0	0	false
GeoTop_Prefix_R2_to_pair_surj.p	GeoTop_Prefix.R2_to_pair_surj	39	39	0	0	false
GeoTop_Prefix_R2_to_C_C_to_R2.p	GeoTop_Prefix.R2_to_C_C_to_R2	37	37	0	0	false
GeoTop_Prefix_C_to_R2_R2_to_C.p	GeoTop_Prefix.C_to_R2_R2_to_C	43	43	0	0	false
GeoTopBase_geotop_PL_map_lift.p	GeoTopBase.geotop_PL_map_lift	43	43	0	0	false
GeoTop_Prefix_Theorem_GT_2_6_1.p	GeoTop_Prefix.Theorem_GT_2_6_1	69	69	0	0	false
GeoTop_Prefix_Theorem_GT_2_6_2.p	GeoTop_Prefix.Theorem_GT_2_6_2	69	69	0	0	false
GeoTop_Prefix_Theorem_GT_2_5.p	GeoTop_Prefix.Theorem_GT_2_5	73	73	0	0	false
GeoTop_Prefix_Theorem_GT_2_4.p	GeoTop_Prefix.Theorem_GT_2_4	27	27	0	0	false
GeoTop_Prefix_Theorem_GT_2_3.p	GeoTop_Prefix.Theorem_GT_2_3	65	65	0	0	false
GeoTop_Prefix_Theorem_GT_2_1.p	GeoTop_Prefix.Theorem_GT_2_1	128	128	0	0	false
GeoTop_Prefix_R2_to_pair_inj.p	GeoTop_Prefix.R2_to_pair_inj	33	33	0	0	false
GeoTop_Prefix_R2_to_pair_bij.p	GeoTop_Prefix.R2_to_pair_bij	26	26	0	0	false
GeoTop_Prefix_R2_to_C_scaleR.p	GeoTop_Prefix.R2_to_C_scaleR	34	34	0	0	false
GeoTop_Prefix_C_to_R2_scaleR.p	GeoTop_Prefix.C_to_R2_scaleR	53	53	0	0	false
GeoTop_polygon_interior_open.p	GeoTop.polygon_interior_open	48	48	0	0	false
GeoTop_polygon_exterior_open.p	GeoTop.polygon_exterior_open	48	48	0	0	false
GeoTop_gt28_separated_helper.p	GeoTop.gt28_separated_helper	58	58	0	0	false
GeoTop_Prefix_Lemma_GT_2_1b.p	GeoTop_Prefix.Lemma_GT_2_1b	28	28	0	0	false
GeoTop_Prefix_Lemma_GT_2_1a.p	GeoTop_Prefix.Lemma_GT_2_1a	28	28	0	0	false
GeoTop_gt28_closures_helper.p	GeoTop.gt28_closures_helper	51	51	0	0	false
GeoTop_Prefix_norm_vec2_sq.p	GeoTop_Prefix.norm_vec2_sq	101	101	0	0	false
GeoTop_Prefix_R2_to_C_surj.p	GeoTop_Prefix.R2_to_C_surj	39	39	0	0	false
GeoTop_Prefix_R2_to_C_path.p	GeoTop_Prefix.R2_to_C_path	51	51	0	0	false
GeoTop_Prefix_R2_to_C_norm.p	GeoTop_Prefix.R2_to_C_norm	25	25	0	0	false
GeoTop_Prefix_C_to_R2_surj.p	GeoTop_Prefix.C_to_R2_surj	39	39	0	0	false
GeoTop_Prefix_C_to_R2_norm.p	GeoTop_Prefix.C_to_R2_norm	12	12	0	0	false
GeoTopBase_geotop_PLH_lift.p	GeoTopBase.geotop_PLH_lift	23	23	0	0	false
GeoTopBase_Theorem_GT_1_17.p	GeoTopBase.Theorem_GT_1_17	19	19	0	0	false
GeoTopBase_Theorem_GT_1_16.p	GeoTopBase.Theorem_GT_1_16	86	86	0	0	false
GeoTopBase_Theorem_GT_1_15.p	GeoTopBase.Theorem_GT_1_15	17	17	0	0	false
GeoTopBase_Theorem_GT_1_14.p	GeoTopBase.Theorem_GT_1_14	84	84	0	0	false
GeoTopBase_Theorem_GT_1_13.p	GeoTopBase.Theorem_GT_1_13	76	76	0	0	false
GeoTopBase_Theorem_GT_1_12_1.p	GeoTopBase.Theorem_GT_1_12_1	99	99	0	0	false
GeoTopBase_Theorem_GT_1_12_2.p	GeoTopBase.Theorem_GT_1_12_2	99	99	0	0	false
GeoTopBase_Theorem_GT_1_11.p	GeoTopBase.Theorem_GT_1_11	82	82	0	0	false
GeoTopBase_Theorem_GT_1_10.p	GeoTopBase.Theorem_GT_1_10	39	39	0	0	false
GeoTop_Prefix_cp_C_eq_iff.p	GeoTop_Prefix.cp_C_eq_iff	341	341	0	0	false
GeoTop_Prefix_R2_to_C_inv.p	GeoTop_Prefix.R2_to_C_inv	33	33	0	0	false
GeoTop_Prefix_R2_to_C_inj.p	GeoTop_Prefix.R2_to_C_inj	33	33	0	0	false
GeoTop_Prefix_R2_to_C_bij.p	GeoTop_Prefix.R2_to_C_bij	25	25	0	0	false
GeoTop_Prefix_R2_to_C_add.p	GeoTop_Prefix.R2_to_C_add	28	28	0	0	false
GeoTop_Prefix_C_to_R2_inv.p	GeoTop_Prefix.C_to_R2_inv	34	34	0	0	false
GeoTop_Prefix_C_to_R2_inj.p	GeoTop_Prefix.C_to_R2_inj	33	33	0	0	false
GeoTop_Prefix_C_to_R2_bij.p	GeoTop_Prefix.C_to_R2_bij	25	25	0	0	false
GeoTop_Prefix_C_to_R2_add.p	GeoTop_Prefix.C_to_R2_add	45	45	0	0	false
GeoTopBase_Theorem_GT_1_9.p	GeoTopBase.Theorem_GT_1_9	56	56	0	0	false
GeoTopBase_Theorem_GT_1_8.p	GeoTopBase.Theorem_GT_1_8	25	25	0	0	false
GeoTopBase_Theorem_GT_1_7.p	GeoTopBase.Theorem_GT_1_7	52	52	0	0	false
GeoTopBase_Theorem_GT_1_6.p	GeoTopBase.Theorem_GT_1_6	47	47	0	0	false
GeoTopBase_Theorem_GT_1_5.p	GeoTopBase.Theorem_GT_1_5	78	78	0	0	false
GeoTopBase_Theorem_GT_1_4.p	GeoTopBase.Theorem_GT_1_4	6	6	0	0	false
GeoTopBase_Theorem_GT_1_3.p	GeoTopBase.Theorem_GT_1_3	21	21	0	0	false
GeoTopBase_Theorem_GT_1_2.p	GeoTopBase.Theorem_GT_1_2	38	38	0	0	false
GeoTopBase_Theorem_GT_1_1.p	GeoTopBase.Theorem_GT_1_1	56	56	0	0	false
GeoTopBase0_Theorem_GT_1.p	GeoTopBase0.Theorem_GT_1	22	22	0	0	false
GeoTopBase_Theorem_GT_3.p	GeoTopBase.Theorem_GT_3	82	82	0	0	false
GeoTopBase_Theorem_GT_2.p	GeoTopBase.Theorem_GT_2	211	211	0	0	false
GeoTop_polygon_closed.p	GeoTop.polygon_closed	44	44	0	0	false
GeoTop_Theorem_GT_2_8_1.p	GeoTop.Theorem_GT_2_8_1	227	227	0	0	false
GeoTop_Theorem_GT_2_8_2.p	GeoTop.Theorem_GT_2_8_2	227	227	0	0	false
GeoTop_Theorem_GT_2_8_3.p	GeoTop.Theorem_GT_2_8_3	227	227	0	0	false
GeoTop_Theorem_GT_2_8_4.p	GeoTop.Theorem_GT_2_8_4	227	227	0	0	false
GeoTop_Theorem_GT_2_8_5.p	GeoTop.Theorem_GT_2_8_5	227	227	0	0	false
GeoTop_Theorem_GT_2_8_6.p	GeoTop.Theorem_GT_2_8_6	227	227	0	0	false
GeoTop_Theorem_GT_2_7_1.p	GeoTop.Theorem_GT_2_7_1	1110	1110	0	0	false
GeoTop_Theorem_GT_2_7_2.p	GeoTop.Theorem_GT_2_7_2	1110	1110	0	0	false
GeoTop_Theorem_GT_2_2.p	GeoTop.Theorem_GT_2_2	576	576	0	0	false
